{"type":"FeatureCollection","name":"Kansas grid planning context","properties":{"model_year":2019,"model_status":"Unsolved PyPSA-USA input data model","spatial_resolution":"98 ReEDS planning zones","topology_status":"Provisional 115 kV+ synthetic AC network; not surveyed infrastructure","topology_voltage_floor_kv":115},"features":[{"type":"Feature","properties":{"kind":"zone","zone":"p40","name":"Nebraska planning zone","state":"NE","in_kansas":false},"geometry":{"type":"Polygon","coordinates":[[[-96.46589084693218,42.48897441759009],[-96.3891667176792,42.477220896077206],[-96.38335005614589,42.444787567579105],[-96.4114613732001,42.3887670096615],[-96.40963031110529,42.34354491811389],[-96.33735668909479,42.26413979220129],[-96.33142081842838,42.2284390557579],[-96.3547355100561,42.2067257311544],[-96.34620036950498,42.17308528876859],[-96.27840573043298,42.1175753942311],[-96.2760122376305,42.080750172334],[-96.2839647856856,42.050013621914395],[-96.3411587824837,42.015633297254496],[-96.54014620456178,42.0160563571047],[-96.5550940208709,41.9784301637239],[-96.55530268424,41.77711708095519],[-96.57015929190338,41.742987770497294],[-97.2415800149715,41.7425276171686],[-97.2526982413592,41.67377107288419],[-97.2463231385363,41.3883323663231],[-97.11324594159228,41.387119533984595],[-96.91633956748119,41.45394848041969],[-96.905844194284,41.4253643402703],[-96.91275095153308,40.533673897917204],[-96.4736561366747,40.52168157457529],[-96.4633207713959,40.1860786784369],[-96.47415311972419,40.00255806981049],[-101.33118703217798,40.00262874420161],[-101.32513525099199,40.318097071209394],[-101.342632990931,40.37498918864401],[-101.34510995968098,40.6608481468318],[-101.33284679183599,40.6953944744933],[-101.257368577373,40.697787136011],[-101.24996954514499,41.00733508960899],[-101.27041443205398,41.07676908116859],[-101.26968589656198,41.394928034668105],[-101.380585368092,41.3955075414315],[-101.40721010989499,41.41403254058389],[-101.427355525437,42.08385694658829],[-102.040271620488,42.0967369856709],[-102.038159577948,42.4432999373666],[-102.066706570729,42.44344093967689],[-102.066490533089,42.7443918983978],[-102.092237793336,42.9993278656276],[-98.57544715307898,42.99843062619159],[-98.4948211401854,42.9862178368233],[-98.4282565813,42.9308314001278],[-98.1541313676241,42.837464705366],[-98.034517699747,42.76525249990459],[-97.92488704645318,42.7844523592997],[-97.8557528962234,42.86523331264749],[-97.6975634060047,42.84365909100191],[-97.30351456794939,42.8651403244727],[-97.22869166640129,42.846153550712806],[-97.2011972008932,42.80995002233279],[-97.1338646066944,42.77770756441049],[-96.97868571594579,42.75785065271129],[-96.96296913938289,42.73086565201659],[-96.90222238289118,42.73120668219669],[-96.80335277055669,42.6959362699245],[-96.7985313624082,42.6696190042764],[-96.7189834859591,42.66456055527531],[-96.6909093411913,42.648715729858296],[-96.706835862121,42.61910264816358],[-96.6957909553285,42.5889215652359],[-96.63853497477578,42.550358802822],[-96.630213167935,42.52344988377989],[-96.598807062184,42.5067721312836],[-96.5344525071196,42.5152522803074],[-96.5109862436523,42.4910161136653],[-96.46589084693218,42.48897441759009]]]}},{"type":"Feature","properties":{"kind":"zone","zone":"p41","name":"Nebraska planning zone","state":"NE","in_kansas":false},"geometry":{"type":"Polygon","coordinates":[[[-95.76393427451919,40.58034346749519],[-95.7660821239057,40.5440911303691],[-95.7434158542164,40.5256485211719],[-95.70322708971409,40.5305231229376],[-95.67791104146491,40.5588036327707],[-95.65517516851068,40.54124539609699],[-95.68998802628059,40.4923424497116],[-95.6785832561819,40.4604942390372],[-95.64678954625039,40.44337147973629],[-95.6591898940257,40.4183279876749],[-95.6277613609353,40.346759454491],[-95.6485396539684,40.3167929193451],[-95.55759042191698,40.2910276096447],[-95.5496683276484,40.2629156819898],[-95.48171197475739,40.244080307636494],[-95.4739262708,40.1831252730351],[-95.39867612601128,40.12256681625729],[-95.41073645067172,40.03838006986351],[-95.35412743049838,40.029206507432185],[-95.3329691545917,40.0076910817867],[-96.47415311972419,40.00255806981049],[-96.4633207713959,40.1860786784369],[-96.4736561366747,40.52168157457529],[-96.91275095153308,40.533673897917204],[-96.905844194284,41.4253643402703],[-96.91633956748119,41.45394848041969],[-97.11324594159228,41.387119533984595],[-97.2463231385363,41.3883323663231],[-97.25257940412858,41.7083699838997],[-97.2415800149715,41.7425276171686],[-96.57015929190338,41.742987770497294],[-96.55530268424,41.77711708095519],[-96.5550940208709,41.9784301637239],[-96.54014620456178,42.0160563571047],[-96.3411587824837,42.015633297254496],[-96.2839647856856,42.050013621914395],[-96.2264810202245,42.02936712200469],[-96.2307317726905,42.0012837826192],[-96.14908105424729,41.9766825258329],[-96.140151828171,41.9322509870225],[-96.15673122219118,41.901043724141395],[-96.075730904675,41.80264251974649],[-96.0969162620926,41.7384458387463],[-96.0823394068767,41.7041259762583],[-96.1141226307739,41.6788026696871],[-96.0976678214054,41.6506700729009],[-96.1106240835094,41.6049055421516],[-96.0847198992605,41.57963301698379],[-96.09115268380609,41.5457889554361],[-96.0532570909505,41.5130640241488],[-96.01850933858078,41.53715065249259],[-95.99871281881329,41.5092615779733],[-96.0117127623963,41.47954676615589],[-95.92261629034698,41.44731931972339],[-95.93310289598709,41.365548708046],[-95.95139757902488,41.3432611412526],[-95.89021981265648,41.31751471312919],[-95.87528231978669,41.2883907170518],[-95.91377428619319,41.28721571924989],[-95.9205830318548,41.1937488775358],[-95.8559202118158,41.1741234126344],[-95.88195633252879,41.1469667398278],[-95.8660237156316,41.1097424949648],[-95.8666945271801,41.0066034085676],[-95.83845016873408,40.9813574945301],[-95.8181454217047,40.886010051031896],[-95.84519177071809,40.8656085825809],[-95.8405453391156,40.777247297044596],[-95.88468837251419,40.742254930079895],[-95.8778836629831,40.71558152341729],[-95.77630378672399,40.6454447517601],[-95.75975461921638,40.6149595686386],[-95.76393427451919,40.58034346749519]]]}},{"type":"Feature","properties":{"kind":"zone","zone":"p49","name":"Oklahoma planning zone","state":"OK","in_kansas":false},"geometry":{"type":"Polygon","coordinates":[[[-100.00491251773398,37.0009968457247],[-100.00350613868099,36.50321065185619],[-102.87177397501999,36.50034987604361],[-103.00225719315699,36.5138654633997],[-102.99205037679499,36.9993843906963],[-100.00491251773398,37.0009968457247]]]}},{"type":"Feature","properties":{"kind":"zone","zone":"p50","name":"Oklahoma planning zone","state":"OK","in_kansas":false},"geometry":{"type":"Polygon","coordinates":[[[-99.64024202911838,36.9997575772541],[-96.74508647187189,36.9991282597618],[-96.75676834259129,36.781987378046296],[-96.8453320804394,36.7450517624777],[-96.87889587662079,36.7519515323983],[-96.9268040718703,36.6955295444037],[-96.95410917431319,36.685803347500894],[-97.02714758153249,36.69674018903769],[-97.06220424746029,36.6719432718241],[-97.04997842258189,36.5974324567485],[-97.0168949600745,36.584388769926804],[-96.91182085834579,36.59449989461889],[-96.8948196756552,36.563525934484396],[-96.9957956343116,36.526592779622504],[-97.00808938170708,36.497547583197196],[-96.94840373499189,36.4579666908293],[-96.88244973225899,36.472444724997295],[-96.7815267867807,36.5597317700306],[-96.73887267413468,36.5491572695196],[-96.7133859208287,36.44942449196769],[-96.66987800891239,36.42267193076089],[-96.6293050448446,36.419589545599294],[-96.5955463214331,36.37951634975239],[-96.54619456855629,36.3964454679344],[-96.5227396283532,36.381018686208094],[-96.5717944952151,36.3249088076693],[-96.55797900083,36.30309802539881],[-96.52615208108078,36.297291596178],[-96.4550747401442,36.3292325869592],[-96.43578260464578,36.2956548424563],[-96.3498776312053,36.2381943984083],[-96.24851382672159,36.21106336804399],[-96.26285010232459,36.1778475498749],[-96.3119928001668,36.1624218414471],[-96.6102165682009,36.16263495735739],[-96.6225368194904,36.105527260222686],[-96.6176649359044,35.64637605108861],[-96.22292220588598,35.638951951572096],[-96.1926227571913,35.6154858296257],[-96.1818720558409,35.5519860485189],[-96.08780274753398,35.5496704614523],[-96.0864098036848,35.3939386492747],[-96.05375326731281,35.3770109916912],[-95.88216395475048,35.386324041927196],[-95.8658768114383,35.4617129176556],[-95.8233668218014,35.4751745706095],[-95.8213332345259,35.5403919516443],[-95.78686211205968,35.5516652695644],[-95.35880785524961,35.5516854289208],[-95.34489844379819,35.5297781825169],[-95.34172934198608,35.30869998780219],[-95.23632403949699,35.267100326710306],[-95.1743583033007,35.3115855653877],[-95.1769440589302,35.344472591964],[-95.11474708560009,35.3813513187001],[-95.0679431507018,35.45710379777879],[-95.12863442993648,35.5218993882876],[-95.1269102449026,35.63076165434891],[-94.4983024952503,35.63836929174149],[-94.4705247469156,35.62575478023891],[-94.4326466137159,35.34815316392691],[-94.48547883705868,33.6462585563759],[-94.51255109078998,33.6246570912953],[-94.56189938155968,33.644696511526],[-94.585545114946,33.6755425702881],[-94.6527868813848,33.665461106143994],[-94.6595228158977,33.692183837567605],[-94.7394104468654,33.70295105161679],[-94.77742130525009,33.7438776018826],[-94.84741545761709,33.7402668196366],[-94.9116825374341,33.7839086232237],[-94.91937588649539,33.81811684394479],[-94.9468377925661,33.820122240336495],[-94.9704559521648,33.8514279847395],[-95.0477847320456,33.8721194687334],[-95.09095951002699,33.9203611762654],[-95.0923681312746,33.8909645623615],[-95.1640227242228,33.9410644551472],[-95.2176725034074,33.9559455829052],[-95.24885690943789,33.934029243327096],[-95.25064123578169,33.90268806914379],[-95.3445517300312,33.87302274085239],[-95.5458262430597,33.885207293149506],[-95.55501547302029,33.91845569211849],[-95.5964064340027,33.9340537082891],[-95.70661700910118,33.8856757722416],[-95.74857182372278,33.8920918156004],[-95.7654707413031,33.8530333924658],[-95.8550179807754,33.8485640871834],[-95.92196561363728,33.8802706213156],[-95.9477306892728,33.8605904221178],[-96.13660980424332,33.837688515503594],[-96.19823555505401,33.7530888522368],[-96.26440982020299,33.76490066838559],[-96.30065642060728,33.75038748109121],[-96.3284053806321,33.69342439207251],[-96.35983379155158,33.69339588867609],[-96.4139305050479,33.7612321330283],[-96.50473607492579,33.7787299438201],[-96.52282895323168,33.81247268583189],[-96.6270147567901,33.8475021826365],[-96.6017770119892,33.881284211220105],[-96.63013712644448,33.897747208970294],[-96.6690574985116,33.9099071084951],[-96.6956210704336,33.8443055549466],[-96.755317470881,33.825672429617704],[-96.8035196667567,33.87076005474209],[-96.83239090913389,33.8732110554688],[-96.84952006761648,33.854026471111695],[-96.8785461472093,33.863639809239594],[-96.9022205117004,33.940843170483],[-96.92562195273679,33.95535239873569],[-96.98982712964758,33.9318191909101],[-96.9876227609584,33.8900536301812],[-97.08313054332639,33.8070451494248],[-97.0903065373442,33.739057528391385],[-97.1151014836769,33.71898320723089],[-97.1498673362012,33.7232623740824],[-97.18011197329038,33.75019476395461],[-97.20404799546418,33.8068278328524],[-97.17886215621878,33.83641389121749],[-97.1773588570318,33.882110092625496],[-97.1970172293834,33.9077070080468],[-97.2337869286592,33.907580865413095],[-97.25136249863401,33.8745611775941],[-97.27946404471288,33.8660909084852],[-97.31569195387108,33.878699614050895],[-97.38597742988469,33.8193942755291],[-97.42380435192679,33.82022414225769],[-97.4555577230104,33.833079384345695],[-97.45743615506669,33.8982528081402],[-97.49236095998899,33.91744670589],[-97.57518282464449,33.9035654792358],[-97.59644364593589,33.9503571554048],[-97.66131403968758,33.9895371535912],[-97.6928164924477,33.98098437354999],[-97.83677000216828,33.8592538660273],[-97.8841129235421,33.854030835296406],[-97.95246737113949,33.8800732229305],[-97.97401603151259,33.905921685652494],[-97.94984175456588,33.988761357184],[-98.0772293908095,34.005218975031895],[-98.1177246991142,34.0724467382668],[-98.09686526126148,34.1326477948973],[-98.13098897646118,34.145904037745794],[-98.16326373243058,34.11798156509771],[-98.1974743407694,34.1175312030182],[-98.3399051512862,34.15308506600199],[-98.37657267528319,34.1458506717482],[-98.4140789517695,34.09097319662479],[-98.49235001677259,34.067488156905405],[-98.59534990132379,34.155615850728594],[-98.64193388013149,34.1602443776469],[-98.7517720433576,34.1268879489414],[-98.96722841608339,34.20955597226839],[-99.16342304601179,34.20919720824369],[-99.19076340643119,34.221917141988],[-99.2225337996912,34.342980748046095],[-99.26686295593178,34.392435430803],[-99.36304595608479,34.45314459184079],[-99.3930227730485,34.43545028427629],[-99.39875328884088,34.3794985704277],[-99.53025981654488,34.4129323198187],[-99.57000277771438,34.4130931607945],[-99.5948488983739,34.3832515068252],[-99.62696706271788,34.3756425097568],[-99.70002366441501,34.3846681522568],[-99.9020137394662,34.55809911068721],[-99.94203632282739,34.57498093985689],[-99.9863119484602,34.560990041729895],[-100.00037380311699,34.74645603181791],[-100.00491251773398,37.0009968457247],[-99.64024202911838,36.9997575772541]]]}},{"type":"Feature","properties":{"kind":"zone","zone":"p51","name":"Oklahoma planning zone","state":"OK","in_kansas":false},"geometry":{"type":"Polygon","coordinates":[[[-94.6186578176159,36.9983753362854],[-94.61784659220199,36.508729469038784],[-94.4705247469156,35.62575478023891],[-94.4983024952503,35.63836929174149],[-95.1269102449026,35.63076165434891],[-95.12863442993648,35.5218993882876],[-95.0679431507018,35.45710379777879],[-95.11474708560009,35.3813513187001],[-95.1769440589302,35.344472591964],[-95.1743583033007,35.3115855653877],[-95.23632403949699,35.267100326710306],[-95.34172934198608,35.30869998780219],[-95.34489844379819,35.5297781825169],[-95.35880785524961,35.5516854289208],[-95.78686211205968,35.5516652695644],[-95.8213332345259,35.5403919516443],[-95.8233668218014,35.4751745706095],[-95.8658768114383,35.4617129176556],[-95.88216395475048,35.386324041927196],[-96.05375326731281,35.3770109916912],[-96.0864098036848,35.3939386492747],[-96.08780274753398,35.5496704614523],[-96.1818720558409,35.5519860485189],[-96.1926227571913,35.6154858296257],[-96.22292220588598,35.638951951572096],[-96.6176649359044,35.64637605108861],[-96.6225368194904,36.105527260222686],[-96.6102165682009,36.16263495735739],[-96.3119928001668,36.1624218414471],[-96.26285010232459,36.1778475498749],[-96.24851382672159,36.21106336804399],[-96.3498776312053,36.2381943984083],[-96.43578260464578,36.2956548424563],[-96.4550747401442,36.3292325869592],[-96.52615208108078,36.297291596178],[-96.55797900083,36.30309802539881],[-96.5717944952151,36.3249088076693],[-96.5227396283532,36.381018686208094],[-96.54619456855629,36.3964454679344],[-96.5955463214331,36.37951634975239],[-96.6293050448446,36.419589545599294],[-96.66987800891239,36.42267193076089],[-96.7133859208287,36.44942449196769],[-96.73887267413468,36.5491572695196],[-96.7815267867807,36.5597317700306],[-96.88244973225899,36.472444724997295],[-96.94840373499189,36.4579666908293],[-96.98806307288979,36.472998349578084],[-97.00808938170708,36.497547583197196],[-96.9957956343116,36.526592779622504],[-96.8948196756552,36.563525934484396],[-96.91182085834579,36.59449989461889],[-97.0168949600745,36.584388769926804],[-97.04997842258189,36.5974324567485],[-97.06220424746029,36.6719432718241],[-97.02714758153249,36.69674018903769],[-96.95410917431319,36.685803347500894],[-96.9268040718703,36.6955295444037],[-96.87889587662079,36.7519515323983],[-96.8453320804394,36.7450517624777],[-96.75676834259129,36.781987378046296],[-96.74508647187189,36.9991282597618],[-94.6186578176159,36.9983753362854]]]}},{"type":"Feature","properties":{"kind":"zone","zone":"p52","name":"Western Kansas","state":"KS","in_kansas":true},"geometry":{"type":"Polygon","coordinates":[[[-101.40744231361599,40.002430548680806],[-99.6179541244369,40.0003703685674],[-99.62775550146638,39.614505868868996],[-99.60214794990749,39.5208490819075],[-99.59966559396038,38.7045240945998],[-100.24357676521399,38.698102048525],[-100.244402968238,38.2901619473163],[-100.226065732005,38.1945772114592],[-100.226460246925,38.0191577398677],[-100.25614549140899,38.001123994409994],[-100.65523849195598,37.9979367164213],[-100.664865861721,37.8713226147534],[-100.652117580267,37.7556420559657],[-100.67510340944898,37.7362970602197],[-101.08968130655498,37.7364755821665],[-101.089382083124,37.42526388272469],[-101.067946093945,37.355657892545594],[-101.07397233872199,36.9990430012078],[-102.036561802943,36.99580819646021],[-102.051736309114,39.99548983458399],[-101.40744231361599,40.002430548680806]]]}},{"type":"Feature","properties":{"kind":"zone","zone":"p53","name":"Eastern Kansas","state":"KS","in_kansas":true},"geometry":{"type":"Polygon","coordinates":[[[-94.6107840257601,38.473560530709904],[-94.6186578176159,36.9983753362854],[-101.07397233872199,36.9990430012078],[-101.067946093945,37.355657892545594],[-101.089382083124,37.42526388272469],[-101.08968130655498,37.7364755821665],[-100.67510340944898,37.7362970602197],[-100.652117580267,37.7556420559657],[-100.664865861721,37.8713226147534],[-100.65523849195598,37.9979367164213],[-100.25614549140899,38.001123994409994],[-100.226460246925,38.0191577398677],[-100.226065732005,38.1945772114592],[-100.244402968238,38.2901619473163],[-100.24357676521399,38.698102048525],[-99.59966559396038,38.7045240945998],[-99.60214794990749,39.5208490819075],[-99.62775550146638,39.614505868868996],[-99.6179541244369,40.0003703685674],[-95.3329691545917,40.0076910817867],[-95.2472590095667,39.9493923438042],[-95.21049685434268,39.9410608432864],[-95.1921842049991,39.9076652643575],[-95.15194646344919,39.9040635889702],[-95.13491018447878,39.880176325818795],[-95.09359250356579,39.865636779685495],[-95.0517126821007,39.86420050238021],[-95.02061997789109,39.8880027126473],[-94.96092223625898,39.8998676248],[-94.9312338791128,39.8870847255604],[-94.9385494731224,39.8607068967776],[-94.9206300532097,39.838706899467596],[-94.8846507626878,39.826363416151494],[-94.89512006947038,39.7923399525022],[-94.92720368640529,39.7747365406086],[-94.90264934214339,39.76059050514879],[-94.8750097861404,39.77117947975069],[-94.8609120770257,39.7487322452562],[-94.8805967403707,39.728926916104086],[-94.9451264031352,39.74236853395869],[-94.96840744387228,39.73180182919008],[-94.97244828790419,39.6910990059918],[-95.0313427057036,39.6603277358459],[-95.05057447621158,39.6310186686842],[-95.048280492488,39.5978885186789],[-95.0670810375236,39.5778586184014],[-95.09972814966989,39.5775511350579],[-95.10980136139598,39.5473264924955],[-95.03827004605078,39.4681121935894],[-94.94626080016751,39.4007897372539],[-94.8856211372307,39.3824117747248],[-94.90662504035079,39.350590754005694],[-94.90223277268491,39.306585300943894],[-94.82988564512789,39.250573327730194],[-94.82502012430899,39.2161623233116],[-94.74848082612068,39.1731210030579],[-94.6783035944038,39.18099099859779],[-94.6529242526564,39.1574062013453],[-94.60637703201168,39.1582298319144],[-94.5942935371052,39.13493033498901],[-94.6071148695586,39.1084316736748],[-94.6107840257601,38.473560530709904]]]}},{"type":"Feature","properties":{"kind":"zone","zone":"p54","name":"Missouri planning zone","state":"MO","in_kansas":false},"geometry":{"type":"Polygon","coordinates":[[[-92.7028756793735,40.583307477854696],[-92.6836941264865,40.5070084661944],[-92.7036265209323,40.462214433361],[-92.67866834891589,40.3938718545196],[-92.6841668783795,40.35337715394],[-92.8500488148527,40.3426555602566],[-92.85560824380438,40.3147597078495],[-92.85693664459879,39.7405083062432],[-92.84651974552979,39.70271992351329],[-92.6894834459975,39.6922735059133],[-92.7068540716284,39.333054269904196],[-92.79389684761449,39.336434873722595],[-92.8659470056133,39.1965974431285],[-92.9395246831757,39.1128865633592],[-92.90996347896468,39.09081749427959],[-93.0482953082811,38.96064395247609],[-93.07688544714469,38.53040625264059],[-93.2815900288636,38.5335045397546],[-93.2917922781903,38.5077957117047],[-93.48400222586011,38.5117130534108],[-93.5102743717275,38.52072568817129],[-93.5186116125232,38.554378847968785],[-94.05352119103162,38.5650361979617],[-94.074640414478,38.459051170002084],[-94.2091898271034,38.448118334171994],[-94.32678199902868,38.47171910320059],[-94.6107840257601,38.473560530709904],[-94.6071148695586,39.1084316736748],[-94.5942935371052,39.13493033498901],[-94.60637703201168,39.1582298319144],[-94.6529242526564,39.1574062013453],[-94.6783035944038,39.18099099859779],[-94.74848082612068,39.1731210030579],[-94.82502012430899,39.2161623233116],[-94.82988564512789,39.250573327730194],[-94.90223277268491,39.306585300943894],[-94.90662504035079,39.350590754005694],[-94.8856211372307,39.3824117747248],[-94.94626080016751,39.4007897372539],[-95.03827004605078,39.4681121935894],[-95.10980136139598,39.5473264924955],[-95.09972814966989,39.5775511350579],[-95.0670810375236,39.5778586184014],[-95.048280492488,39.5978885186789],[-95.05057447621158,39.6310186686842],[-95.0313427057036,39.6603277358459],[-94.97244828790419,39.6910990059918],[-94.96840744387228,39.73180182919008],[-94.9451264031352,39.74236853395869],[-94.8805967403707,39.728926916104086],[-94.8609120770257,39.7487322452562],[-94.8750097861404,39.77117947975069],[-94.90264934214339,39.76059050514879],[-94.92720368640529,39.7747365406086],[-94.89512006947038,39.7923399525022],[-94.8846507626878,39.826363416151494],[-94.9206300532097,39.838706899467596],[-94.9385494731224,39.8607068967776],[-94.9312338791128,39.8870847255604],[-94.96092223625898,39.8998676248],[-95.02061997789109,39.8880027126473],[-95.0517126821007,39.86420050238021],[-95.13491018447878,39.880176325818795],[-95.15194646344919,39.9040635889702],[-95.1921842049991,39.9076652643575],[-95.21049685434268,39.9410608432864],[-95.2472590095667,39.9493923438042],[-95.35412743049838,40.029206507432185],[-95.41073645067172,40.03838006986351],[-95.39867612601128,40.12256681625729],[-95.4739262708,40.1831252730351],[-95.48171197475739,40.244080307636494],[-95.5496683276484,40.2629156819898],[-95.55759042191698,40.2910276096447],[-95.6485396539684,40.3167929193451],[-95.6277613609353,40.346759454491],[-95.6591898940257,40.4183279876749],[-95.64678954625039,40.44337147973629],[-95.6785832561819,40.4604942390372],[-95.68998802628059,40.4923424497116],[-95.65517516851068,40.54124539609699],[-95.67791104146491,40.5588036327707],[-95.70322708971409,40.5305231229376],[-95.7434158542164,40.5256485211719],[-95.7660821239057,40.5440911303691],[-95.76393427451919,40.58034346749519],[-95.7231069318175,40.5845728213572],[-94.53707195573959,40.570765956375006],[-94.46940527269679,40.585033519782996],[-94.428736118825,40.571050083624996],[-92.7028756793735,40.583307477854696]]]}},{"type":"Feature","properties":{"kind":"zone","zone":"p55","name":"Missouri planning zone","state":"MO","in_kansas":false},"geometry":{"type":"Polygon","coordinates":[[[-93.07688544714469,38.53040625264059],[-93.07999160939468,38.22369733481229],[-93.06196637153478,38.1258941014432],[-93.0717961856329,37.9164247399846],[-93.09678452217828,37.90301071510079],[-93.17503969149249,37.90414648043989],[-93.18442855765198,37.8687975539713],[-93.1711133961341,37.417060235365994],[-93.0736823719468,37.4249650291937],[-93.07171421795648,37.47781081959191],[-93.0211054318414,37.4865135491815],[-92.6869363996718,37.4702342033898],[-92.6858615537563,37.0670442776335],[-92.1251507082861,37.0566462539654],[-92.08917675555368,37.03373916691519],[-92.1296377392314,36.5024250223117],[-94.61784659220199,36.508729469038784],[-94.6107840257601,38.473560530709904],[-94.32678199902868,38.47171910320059],[-94.2091898271034,38.448118334171994],[-94.074640414478,38.459051170002084],[-94.05352119103162,38.5650361979617],[-93.5186116125232,38.554378847968785],[-93.5102743717275,38.52072568817129],[-93.48400222586011,38.5117130534108],[-93.2917922781903,38.5077957117047],[-93.2815900288636,38.5335045397546],[-93.07688544714469,38.53040625264059]]]}},{"type":"Feature","properties":{"kind":"interface","interface":"p40||p52","zone0":"p40","zone1":"p52","zone0_name":"Nebraska p40","zone1_name":"Western Kansas","state0":"NE","state1":"KS","internal":false,"into_kansas_capacity_mw":785,"out_of_kansas_capacity_mw":785,"direction_0_to_1_mw":785,"direction_1_to_0_mw":785,"display_capacity_mw":785,"daily_flow_mwh":null,"flow_status":"Unavailable — baseline has not been solved","representation":"ReEDS/NARIS planning interface"},"geometry":{"type":"LineString","coordinates":[[-99.18412501548325,41.50094296771904],[-100.99949560439562,38.67076483516484]]}},{"type":"Feature","properties":{"kind":"interface","interface":"p40||p53","zone0":"p40","zone1":"p53","zone0_name":"Nebraska p40","zone1_name":"Eastern Kansas","state0":"NE","state1":"KS","internal":false,"into_kansas_capacity_mw":1248.418,"out_of_kansas_capacity_mw":1151.537,"direction_0_to_1_mw":1248.418,"direction_1_to_0_mw":1151.537,"display_capacity_mw":1248.418,"daily_flow_mwh":null,"flow_status":"Unavailable — baseline has not been solved","representation":"ReEDS/NARIS planning interface"},"geometry":{"type":"LineString","coordinates":[[-99.18412501548325,41.50094296771904],[-96.69848722669735,38.4102079401611]]}},{"type":"Feature","properties":{"kind":"interface","interface":"p41||p53","zone0":"p41","zone1":"p53","zone0_name":"Nebraska p41","zone1_name":"Eastern Kansas","state0":"NE","state1":"KS","internal":false,"into_kansas_capacity_mw":134.649,"out_of_kansas_capacity_mw":96.301,"direction_0_to_1_mw":134.649,"direction_1_to_0_mw":96.301,"display_capacity_mw":134.649,"daily_flow_mwh":null,"flow_status":"Unavailable — baseline has not been solved","representation":"ReEDS/NARIS planning interface"},"geometry":{"type":"LineString","coordinates":[[-96.29277427936015,41.026285845862446],[-96.69848722669735,38.4102079401611]]}},{"type":"Feature","properties":{"kind":"interface","interface":"p49||p52","zone0":"p49","zone1":"p52","zone0_name":"Oklahoma p49","zone1_name":"Western Kansas","state0":"OK","state1":"KS","internal":false,"into_kansas_capacity_mw":956.1,"out_of_kansas_capacity_mw":956.1,"direction_0_to_1_mw":956.1,"direction_1_to_0_mw":956.1,"display_capacity_mw":956.1,"daily_flow_mwh":null,"flow_status":"Unavailable — baseline has not been solved","representation":"ReEDS/NARIS planning interface"},"geometry":{"type":"LineString","coordinates":[[-101.50288166591899,36.75067336088415],[-100.99949560439562,38.67076483516484]]}},{"type":"Feature","properties":{"kind":"interface","interface":"p49||p53","zone0":"p49","zone1":"p53","zone0_name":"Oklahoma p49","zone1_name":"Eastern Kansas","state0":"OK","state1":"KS","internal":false,"into_kansas_capacity_mw":40.315,"out_of_kansas_capacity_mw":47.917,"direction_0_to_1_mw":40.315,"direction_1_to_0_mw":47.917,"display_capacity_mw":47.917,"daily_flow_mwh":null,"flow_status":"Unavailable — baseline has not been solved","representation":"ReEDS/NARIS planning interface"},"geometry":{"type":"LineString","coordinates":[[-101.50288166591899,36.75067336088415],[-96.69848722669735,38.4102079401611]]}},{"type":"Feature","properties":{"kind":"interface","interface":"p50||p53","zone0":"p50","zone1":"p53","zone0_name":"Oklahoma p50","zone1_name":"Eastern Kansas","state0":"OK","state1":"KS","internal":false,"into_kansas_capacity_mw":5393,"out_of_kansas_capacity_mw":4029.799,"direction_0_to_1_mw":5393,"direction_1_to_0_mw":4029.799,"display_capacity_mw":5393,"daily_flow_mwh":null,"flow_status":"Unavailable — baseline has not been solved","representation":"ReEDS/NARIS planning interface"},"geometry":{"type":"LineString","coordinates":[[-97.21877956572494,35.312826968509995],[-96.69848722669735,38.4102079401611]]}},{"type":"Feature","properties":{"kind":"interface","interface":"p51||p53","zone0":"p51","zone1":"p53","zone0_name":"Oklahoma p51","zone1_name":"Eastern Kansas","state0":"OK","state1":"KS","internal":false,"into_kansas_capacity_mw":921.608,"out_of_kansas_capacity_mw":956,"direction_0_to_1_mw":921.608,"direction_1_to_0_mw":956,"display_capacity_mw":956,"daily_flow_mwh":null,"flow_status":"Unavailable — baseline has not been solved","representation":"ReEDS/NARIS planning interface"},"geometry":{"type":"LineString","coordinates":[[-95.76636449718794,36.13311429323605],[-96.69848722669735,38.4102079401611]]}},{"type":"Feature","properties":{"kind":"interface","interface":"p52||p53","zone0":"p52","zone1":"p53","zone0_name":"Western Kansas","zone1_name":"Eastern Kansas","state0":"KS","state1":"KS","internal":true,"into_kansas_capacity_mw":null,"out_of_kansas_capacity_mw":null,"direction_0_to_1_mw":611.9,"direction_1_to_0_mw":726.6,"display_capacity_mw":726.6,"daily_flow_mwh":null,"flow_status":"Unavailable — baseline has not been solved","representation":"ReEDS/NARIS planning interface"},"geometry":{"type":"LineString","coordinates":[[-100.99949560439562,38.67076483516484],[-96.69848722669735,38.4102079401611]]}},{"type":"Feature","properties":{"kind":"interface","interface":"p53||p54","zone0":"p53","zone1":"p54","zone0_name":"Eastern Kansas","zone1_name":"Missouri p54","state0":"KS","state1":"MO","internal":false,"into_kansas_capacity_mw":3056.118,"out_of_kansas_capacity_mw":2275.075,"direction_0_to_1_mw":2275.075,"direction_1_to_0_mw":3056.118,"display_capacity_mw":3056.118,"daily_flow_mwh":null,"flow_status":"Unavailable — baseline has not been solved","representation":"ReEDS/NARIS planning interface"},"geometry":{"type":"LineString","coordinates":[[-96.69848722669735,38.4102079401611],[-94.2223752364108,39.516575926977495]]}},{"type":"Feature","properties":{"kind":"interface","interface":"p53||p55","zone0":"p53","zone1":"p55","zone0_name":"Eastern Kansas","zone1_name":"Missouri p55","state0":"KS","state1":"MO","internal":false,"into_kansas_capacity_mw":870,"out_of_kansas_capacity_mw":1772.045,"direction_0_to_1_mw":1772.045,"direction_1_to_0_mw":870,"display_capacity_mw":1772.045,"daily_flow_mwh":null,"flow_status":"Unavailable — baseline has not been solved","representation":"ReEDS/NARIS planning interface"},"geometry":{"type":"LineString","coordinates":[[-96.69848722669735,38.4102079401611],[-93.35351167387783,37.5337306101367]]}},{"type":"Feature","properties":{"kind":"network_line","line_id":"72381","bus0":"57197","bus1":"57032","voltage_kv":161,"capacity_mw":259.93,"length_km":5.693335998551896,"state0":"KS","state1":"MO","kansas_internal":false,"crosses_kansas_boundary":true,"representation":"Provisional PyPSA-USA synthetic AC branch"},"geometry":{"type":"LineString","coordinates":[[-94.9044,39.7583],[-94.8641,39.799]]}},{"type":"Feature","properties":{"kind":"network_line","line_id":"72504","bus0":"63695","bus1":"57120","voltage_kv":161,"capacity_mw":304.27,"length_km":36.85093974618769,"state0":"KS","state1":"MO","kansas_internal":false,"crosses_kansas_boundary":true,"representation":"Provisional PyPSA-USA synthetic AC branch"},"geometry":{"type":"LineString","coordinates":[[-94.758,37.8175],[-94.5448,37.5327]]}},{"type":"Feature","properties":{"kind":"network_line","line_id":"72506","bus0":"57120","bus1":"63948","voltage_kv":161,"capacity_mw":275.37,"length_km":15.04425327524657,"state0":"MO","state1":"KS","kansas_internal":false,"crosses_kansas_boundary":true,"representation":"Provisional PyPSA-USA synthetic AC branch"},"geometry":{"type":"LineString","coordinates":[[-94.5448,37.5327],[-94.7093,37.4975]]}},{"type":"Feature","properties":{"kind":"network_line","line_id":"72544","bus0":"57144","bus1":"63695","voltage_kv":161,"capacity_mw":299.78,"length_km":44.59936261480122,"state0":"MO","state1":"KS","kansas_internal":false,"crosses_kansas_boundary":true,"representation":"Provisional PyPSA-USA synthetic AC branch"},"geometry":{"type":"LineString","coordinates":[[-94.3937,38.0968],[-94.758,37.8175]]}},{"type":"Feature","properties":{"kind":"network_line","line_id":"72545","bus0":"57144","bus1":"64583","voltage_kv":161,"capacity_mw":252.09,"length_km":21.160764598001126,"state0":"MO","state1":"KS","kansas_internal":false,"crosses_kansas_boundary":true,"representation":"Provisional PyPSA-USA synthetic AC branch"},"geometry":{"type":"LineString","coordinates":[[-94.3937,38.0968],[-94.6171,38.1693]]}},{"type":"Feature","properties":{"kind":"network_line","line_id":"72624","bus0":"58314","bus1":"57197","voltage_kv":161,"capacity_mw":252.99,"length_km":4.34594386407145,"state0":"MO","state1":"KS","kansas_internal":false,"crosses_kansas_boundary":true,"representation":"Provisional PyPSA-USA synthetic AC branch"},"geometry":{"type":"LineString","coordinates":[[-94.9001,39.7194],[-94.9044,39.7583]]}},{"type":"Feature","properties":{"kind":"network_line","line_id":"72625","bus0":"58317","bus1":"57197","voltage_kv":161,"capacity_mw":266.85,"length_km":7.026484636184424,"state0":"MO","state1":"KS","kansas_internal":false,"crosses_kansas_boundary":true,"representation":"Provisional PyPSA-USA synthetic AC branch"},"geometry":{"type":"LineString","coordinates":[[-94.8575,39.7065],[-94.9044,39.7583]]}},{"type":"Feature","properties":{"kind":"network_line","line_id":"72724","bus0":"64661","bus1":"57272","voltage_kv":161,"capacity_mw":285.59,"length_km":16.53601964337178,"state0":"KS","state1":"MO","kansas_internal":false,"crosses_kansas_boundary":true,"representation":"Provisional PyPSA-USA synthetic AC branch"},"geometry":{"type":"LineString","coordinates":[[-94.6832,38.6315],[-94.5445,38.7332]]}},{"type":"Feature","properties":{"kind":"network_line","line_id":"72730","bus0":"57275","bus1":"58230","voltage_kv":161,"capacity_mw":339.22,"length_km":21.067467226972536,"state0":"KS","state1":"MO","kansas_internal":false,"crosses_kansas_boundary":true,"representation":"Provisional PyPSA-USA synthetic AC branch"},"geometry":{"type":"LineString","coordinates":[[-94.6282,38.8008],[-94.5028,38.6388]]}},{"type":"Feature","properties":{"kind":"network_line","line_id":"72731","bus0":"57275","bus1":"64401","voltage_kv":161,"capacity_mw":237.43,"length_km":1.8901044371152598,"state0":"KS","state1":"KS","kansas_internal":true,"crosses_kansas_boundary":false,"representation":"Provisional PyPSA-USA synthetic AC branch"},"geometry":{"type":"LineString","coordinates":[[-94.6282,38.8008],[-94.6196,38.7852]]}},{"type":"Feature","properties":{"kind":"network_line","line_id":"72732","bus0":"64422","bus1":"57275","voltage_kv":161,"capacity_mw":279.23,"length_km":4.4450495829259635,"state0":"KS","state1":"KS","kansas_internal":true,"crosses_kansas_boundary":false,"representation":"Provisional PyPSA-USA synthetic AC branch"},"geometry":{"type":"LineString","coordinates":[[-94.6172,38.8398],[-94.6282,38.8008]]}},{"type":"Feature","properties":{"kind":"network_line","line_id":"72993","bus0":"57452","bus1":"58436","voltage_kv":161,"capacity_mw":281.83,"length_km":3.7463222987801066,"state0":"KS","state1":"MO","kansas_internal":false,"crosses_kansas_boundary":true,"representation":"Provisional PyPSA-USA synthetic AC branch"},"geometry":{"type":"LineString","coordinates":[[-94.6036,39.1376],[-94.5697,39.1166]]}},{"type":"Feature","properties":{"kind":"network_line","line_id":"72994","bus0":"57452","bus1":"65769","voltage_kv":161,"capacity_mw":177.59,"length_km":3.661103270868481,"state0":"KS","state1":"KS","kansas_internal":true,"crosses_kansas_boundary":false,"representation":"Provisional PyPSA-USA synthetic AC branch"},"geometry":{"type":"LineString","coordinates":[[-94.6036,39.1376],[-94.646,39.1373]]}},{"type":"Feature","properties":{"kind":"network_line","line_id":"73257","bus0":"63987","bus1":"57677","voltage_kv":161,"capacity_mw":262.68,"length_km":21.878485012336448,"state0":"KS","state1":"MO","kansas_internal":false,"crosses_kansas_boundary":true,"representation":"Provisional PyPSA-USA synthetic AC branch"},"geometry":{"type":"LineString","coordinates":[[-95.2377,39.9105],[-95.0538,40.0475]]}},{"type":"Feature","properties":{"kind":"network_line","line_id":"73369","bus0":"57749","bus1":"64353","voltage_kv":161,"capacity_mw":269.72,"length_km":7.707389724164717,"state0":"MO","state1":"KS","kansas_internal":false,"crosses_kansas_boundary":true,"representation":"Provisional PyPSA-USA synthetic AC branch"},"geometry":{"type":"LineString","coordinates":[[-94.5391,39.0438],[-94.6251,39.0256]]}},{"type":"Feature","properties":{"kind":"network_line","line_id":"73400","bus0":"57770","bus1":"64380","voltage_kv":500,"capacity_mw":2760.17,"length_km":33.64583000977134,"state0":"MO","state1":"KS","kansas_internal":false,"crosses_kansas_boundary":true,"representation":"Provisional PyPSA-USA synthetic AC branch"},"geometry":{"type":"LineString","coordinates":[[-94.512,38.9438],[-94.7539,38.7075]]}},{"type":"Feature","properties":{"kind":"network_line","line_id":"73403","bus0":"57771","bus1":"64396","voltage_kv":161,"capacity_mw":291.42,"length_km":11.475297409941735,"state0":"MO","state1":"KS","kansas_internal":false,"crosses_kansas_boundary":true,"representation":"Provisional PyPSA-USA synthetic AC branch"},"geometry":{"type":"LineString","coordinates":[[-94.512,38.9438],[-94.6187,39.005]]}},{"type":"Feature","properties":{"kind":"network_line","line_id":"73411","bus0":"57777","bus1":"64404","voltage_kv":161,"capacity_mw":216.87,"length_km":3.67487451645417,"state0":"MO","state1":"KS","kansas_internal":false,"crosses_kansas_boundary":true,"representation":"Provisional PyPSA-USA synthetic AC branch"},"geometry":{"type":"LineString","coordinates":[[-94.602,38.9662],[-94.6327,38.9434]]}},{"type":"Feature","properties":{"kind":"network_line","line_id":"73426","bus0":"64396","bus1":"57787","voltage_kv":161,"capacity_mw":238.4,"length_km":3.715924858698791,"state0":"KS","state1":"MO","kansas_internal":false,"crosses_kansas_boundary":true,"representation":"Provisional PyPSA-USA synthetic AC branch"},"geometry":{"type":"LineString","coordinates":[[-94.6187,39.005],[-94.5898,39.0297]]}},{"type":"Feature","properties":{"kind":"network_line","line_id":"73488","bus0":"64404","bus1":"57833","voltage_kv":161,"capacity_mw":265.74,"length_km":7.769212259810631,"state0":"KS","state1":"MO","kansas_internal":false,"crosses_kansas_boundary":true,"representation":"Provisional PyPSA-USA synthetic AC branch"},"geometry":{"type":"LineString","coordinates":[[-94.6327,38.9434],[-94.5871,38.8833]]}},{"type":"Feature","properties":{"kind":"network_line","line_id":"73494","bus0":"57837","bus1":"64362","voltage_kv":161,"capacity_mw":290.83,"length_km":12.193454336615508,"state0":"KS","state1":"KS","kansas_internal":true,"crosses_kansas_boundary":false,"representation":"Provisional PyPSA-USA synthetic AC branch"},"geometry":{"type":"LineString","coordinates":[[-94.6902,38.975],[-94.8185,38.9298]]}},{"type":"Feature","properties":{"kind":"network_line","line_id":"73495","bus0":"57837","bus1":"64397","voltage_kv":161,"capacity_mw":269.79,"length_km":2.8066180661151052,"state0":"KS","state1":"KS","kansas_internal":true,"crosses_kansas_boundary":false,"representation":"Provisional PyPSA-USA synthetic AC branch"},"geometry":{"type":"LineString","coordinates":[[-94.6902,38.975],[-94.7009,38.9512]]}},{"type":"Feature","properties":{"kind":"network_line","line_id":"73496","bus0":"57837","bus1":"64435","voltage_kv":161,"capacity_mw":256.53,"length_km":3.015231719969859,"state0":"KS","state1":"KS","kansas_internal":true,"crosses_kansas_boundary":false,"representation":"Provisional PyPSA-USA synthetic AC branch"},"geometry":{"type":"LineString","coordinates":[[-94.6902,38.975],[-94.68,39.0009]]}},{"type":"Feature","properties":{"kind":"network_line","line_id":"73497","bus0":"64444","bus1":"57837","voltage_kv":161,"capacity_mw":256.13,"length_km":4.52428405328245,"state0":"KS","state1":"KS","kansas_internal":true,"crosses_kansas_boundary":false,"representation":"Provisional PyPSA-USA synthetic AC branch"},"geometry":{"type":"LineString","coordinates":[[-94.7375,38.9577],[-94.6902,38.975]]}},{"type":"Feature","properties":{"kind":"network_line","line_id":"73498","bus0":"57837","bus1":"65783","voltage_kv":161,"capacity_mw":247.13,"length_km":12.37678487376579,"state0":"KS","state1":"KS","kansas_internal":true,"crosses_kansas_boundary":false,"representation":"Provisional PyPSA-USA synthetic AC branch"},"geometry":{"type":"LineString","coordinates":[[-94.6902,38.975],[-94.6198,39.0718]]}},{"type":"Feature","properties":{"kind":"network_line","line_id":"73572","bus0":"57892","bus1":"58348","voltage_kv":161,"capacity_mw":350.7,"length_km":23.31401045531444,"state0":"MO","state1":"KS","kansas_internal":false,"crosses_kansas_boundary":true,"representation":"Provisional PyPSA-USA synthetic AC branch"},"geometry":{"type":"LineString","coordinates":[[-94.4504,37.1788],[-94.6573,37.0498]]}},{"type":"Feature","properties":{"kind":"network_line","line_id":"73574","bus0":"58400","bus1":"57894","voltage_kv":161,"capacity_mw":273.62,"length_km":13.31803457973336,"state0":"KS","state1":"MO","kansas_internal":false,"crosses_kansas_boundary":true,"representation":"Provisional PyPSA-USA synthetic AC branch"},"geometry":{"type":"LineString","coordinates":[[-94.6279,37.0633],[-94.4782,37.0568]]}},{"type":"Feature","properties":{"kind":"network_line","line_id":"73576","bus0":"63827","bus1":"57895","voltage_kv":161,"capacity_mw":246.12,"length_km":17.74829283143617,"state0":"KS","state1":"MO","kansas_internal":false,"crosses_kansas_boundary":true,"representation":"Provisional PyPSA-USA synthetic AC branch"},"geometry":{"type":"LineString","coordinates":[[-94.6463,37.3057],[-94.514,37.186]]}},{"type":"Feature","properties":{"kind":"network_line","line_id":"73581","bus0":"58348","bus1":"57898","voltage_kv":161,"capacity_mw":262.43,"length_km":6.868101854899685,"state0":"KS","state1":"OK","kansas_internal":false,"crosses_kansas_boundary":true,"representation":"Provisional PyPSA-USA synthetic AC branch"},"geometry":{"type":"LineString","coordinates":[[-94.6573,37.0498],[-94.6393,36.9898]]}},{"type":"Feature","properties":{"kind":"network_line","line_id":"73824","bus0":"58102","bus1":"65769","voltage_kv":161,"capacity_mw":263.46,"length_km":13.813469328171411,"state0":"MO","state1":"KS","kansas_internal":false,"crosses_kansas_boundary":true,"representation":"Provisional PyPSA-USA synthetic AC branch"},"geometry":{"type":"LineString","coordinates":[[-94.6837,39.2579],[-94.646,39.1373]]}},{"type":"Feature","properties":{"kind":"network_line","line_id":"73839","bus0":"58212","bus1":"58115","voltage_kv":161,"capacity_mw":240.56,"length_km":15.186264135835096,"state0":"KS","state1":"MO","kansas_internal":false,"crosses_kansas_boundary":true,"representation":"Provisional PyPSA-USA synthetic AC branch"},"geometry":{"type":"LineString","coordinates":[[-94.9878,39.4132],[-94.8151,39.3849]]}},{"type":"Feature","properties":{"kind":"network_line","line_id":"73843","bus0":"63630","bus1":"58117","voltage_kv":161,"capacity_mw":285.59,"length_km":20.394439676512047,"state0":"KS","state1":"MO","kansas_internal":false,"crosses_kansas_boundary":true,"representation":"Provisional PyPSA-USA synthetic AC branch"},"geometry":{"type":"LineString","coordinates":[[-95.1748,39.5533],[-94.9378,39.5404]]}},{"type":"Feature","properties":{"kind":"network_line","line_id":"73922","bus0":"58183","bus1":"63833","voltage_kv":500,"capacity_mw":3215.16,"length_km":62.22962984833562,"state0":"MO","state1":"KS","kansas_internal":false,"crosses_kansas_boundary":true,"representation":"Provisional PyPSA-USA synthetic AC branch"},"geometry":{"type":"LineString","coordinates":[[-94.2272,37.8095],[-94.7059,37.3988]]}},{"type":"Feature","properties":{"kind":"network_line","line_id":"73950","bus0":"58320","bus1":"58211","voltage_kv":500,"capacity_mw":2835.81,"length_km":34.51195780063286,"state0":"MO","state1":"KS","kansas_internal":false,"crosses_kansas_boundary":true,"representation":"Provisional PyPSA-USA synthetic AC branch"},"geometry":{"type":"LineString","coordinates":[[-94.8575,39.7065],[-94.9878,39.4132]]}},{"type":"Feature","properties":{"kind":"network_line","line_id":"73951","bus0":"63629","bus1":"58211","voltage_kv":500,"capacity_mw":2448.15,"length_km":22.391191397098012,"state0":"KS","state1":"KS","kansas_internal":true,"crosses_kansas_boundary":false,"representation":"Provisional PyPSA-USA synthetic AC branch"},"geometry":{"type":"LineString","coordinates":[[-95.1748,39.5533],[-94.9878,39.4132]]}},{"type":"Feature","properties":{"kind":"network_line","line_id":"73952","bus0":"58211","bus1":"64457","voltage_kv":500,"capacity_mw":2735.6,"length_km":50.110567563220755,"state0":"KS","state1":"KS","kansas_internal":true,"crosses_kansas_boundary":false,"representation":"Provisional PyPSA-USA synthetic AC branch"},"geometry":{"type":"LineString","coordinates":[[-94.9878,39.4132],[-94.8554,38.9749]]}},{"type":"Feature","properties":{"kind":"network_line","line_id":"73953","bus0":"58211","bus1":"64550","voltage_kv":500,"capacity_mw":2545.9,"length_km":27.905264115644517,"state0":"KS","state1":"KS","kansas_internal":true,"crosses_kansas_boundary":false,"representation":"Provisional PyPSA-USA synthetic AC branch"},"geometry":{"type":"LineString","coordinates":[[-94.9878,39.4132],[-94.9472,39.1645]]}},{"type":"Feature","properties":{"kind":"network_line","line_id":"73954","bus0":"58212","bus1":"64561","voltage_kv":161,"capacity_mw":246.19,"length_km":10.651517283695773,"state0":"KS","state1":"KS","kansas_internal":true,"crosses_kansas_boundary":false,"representation":"Provisional PyPSA-USA synthetic AC branch"},"geometry":{"type":"LineString","coordinates":[[-94.9878,39.4132],[-95.0291,39.323]]}},{"type":"Feature","properties":{"kind":"network_line","line_id":"73955","bus0":"58212","bus1":"64567","voltage_kv":161,"capacity_mw":258.93,"length_km":10.843144978515777,"state0":"KS","state1":"KS","kansas_internal":true,"crosses_kansas_boundary":false,"representation":"Provisional PyPSA-USA synthetic AC branch"},"geometry":{"type":"LineString","coordinates":[[-94.9878,39.4132],[-94.9393,39.3233]]}},{"type":"Feature","properties":{"kind":"network_line","line_id":"73981","bus0":"58234","bus1":"65850","voltage_kv":500,"capacity_mw":2827.69,"length_km":31.829305744761182,"state0":"MO","state1":"KS","kansas_internal":false,"crosses_kansas_boundary":true,"representation":"Provisional PyPSA-USA synthetic AC branch"},"geometry":{"type":"LineString","coordinates":[[-94.5028,38.6388],[-94.6523,38.3779]]}},{"type":"Feature","properties":{"kind":"network_line","line_id":"74059","bus0":"63994","bus1":"58314","voltage_kv":161,"capacity_mw":239.35,"length_km":6.6537659817351935,"state0":"KS","state1":"MO","kansas_internal":false,"crosses_kansas_boundary":true,"representation":"Provisional PyPSA-USA synthetic AC branch"},"geometry":{"type":"LineString","coordinates":[[-94.9732,39.7397],[-94.9001,39.7194]]}},{"type":"Feature","properties":{"kind":"network_line","line_id":"74097","bus0":"58347","bus1":"63587","voltage_kv":345,"capacity_mw":1241.91,"length_km":76.58357285160008,"state0":"KS","state1":"OK","kansas_internal":false,"crosses_kansas_boundary":true,"representation":"Provisional PyPSA-USA synthetic AC branch"},"geometry":{"type":"LineString","coordinates":[[-94.6573,37.0498],[-95.0322,36.4309]]}},{"type":"Feature","properties":{"kind":"network_line","line_id":"74098","bus0":"65359","bus1":"58347","voltage_kv":345,"capacity_mw":1067.46,"length_km":8.820479757417111,"state0":"KS","state1":"KS","kansas_internal":true,"crosses_kansas_boundary":false,"representation":"Provisional PyPSA-USA synthetic AC branch"},"geometry":{"type":"LineString","coordinates":[[-94.7141,37.1148],[-94.6573,37.0498]]}},{"type":"Feature","properties":{"kind":"network_line","line_id":"74100","bus0":"58348","bus1":"58400","voltage_kv":161,"capacity_mw":214.94,"length_km":3.0133152895575277,"state0":"KS","state1":"KS","kansas_internal":true,"crosses_kansas_boundary":false,"representation":"Provisional PyPSA-USA synthetic AC branch"},"geometry":{"type":"LineString","coordinates":[[-94.6573,37.0498],[-94.6279,37.0633]]}},{"type":"Feature","properties":{"kind":"network_line","line_id":"74101","bus0":"65358","bus1":"58348","voltage_kv":161,"capacity_mw":265.15,"length_km":8.820479757417111,"state0":"KS","state1":"KS","kansas_internal":true,"crosses_kansas_boundary":false,"representation":"Provisional PyPSA-USA synthetic AC branch"},"geometry":{"type":"LineString","coordinates":[[-94.7141,37.1148],[-94.6573,37.0498]]}},{"type":"Feature","properties":{"kind":"network_line","line_id":"74102","bus0":"65937","bus1":"58348","voltage_kv":161,"capacity_mw":264.45,"length_km":3.4436323106108486,"state0":"KS","state1":"KS","kansas_internal":true,"crosses_kansas_boundary":false,"representation":"Provisional PyPSA-USA synthetic AC branch"},"geometry":{"type":"LineString","coordinates":[[-94.6959,37.047],[-94.6573,37.0498]]}},{"type":"Feature","properties":{"kind":"network_line","line_id":"74107","bus0":"58354","bus1":"65934","voltage_kv":115,"capacity_mw":152.99,"length_km":3.4436323106108486,"state0":"KS","state1":"KS","kansas_internal":true,"crosses_kansas_boundary":false,"representation":"Provisional PyPSA-USA synthetic AC branch"},"geometry":{"type":"LineString","coordinates":[[-94.6573,37.0498],[-94.6959,37.047]]}},{"type":"Feature","properties":{"kind":"network_line","line_id":"74108","bus0":"58355","bus1":"58406","voltage_kv":500,"capacity_mw":2757.67,"length_km":30.773077958507724,"state0":"KS","state1":"MO","kansas_internal":false,"crosses_kansas_boundary":true,"representation":"Provisional PyPSA-USA synthetic AC branch"},"geometry":{"type":"LineString","coordinates":[[-94.6573,37.0498],[-94.592,37.3213]]}},{"type":"Feature","properties":{"kind":"network_line","line_id":"74109","bus0":"65351","bus1":"58355","voltage_kv":500,"capacity_mw":2698.02,"length_km":8.820479757417111,"state0":"KS","state1":"KS","kansas_internal":true,"crosses_kansas_boundary":false,"representation":"Provisional PyPSA-USA synthetic AC branch"},"geometry":{"type":"LineString","coordinates":[[-94.7141,37.1148],[-94.6573,37.0498]]}},{"type":"Feature","properties":{"kind":"network_line","line_id":"74159","bus0":"58406","bus1":"63833","voltage_kv":500,"capacity_mw":2298.68,"length_km":13.266320579920832,"state0":"MO","state1":"KS","kansas_internal":false,"crosses_kansas_boundary":true,"representation":"Provisional PyPSA-USA synthetic AC branch"},"geometry":{"type":"LineString","coordinates":[[-94.592,37.3213],[-94.7059,37.3988]]}},{"type":"Feature","properties":{"kind":"network_line","line_id":"74160","bus0":"58406","bus1":"65351","voltage_kv":500,"capacity_mw":2733.53,"length_km":25.40828914062962,"state0":"MO","state1":"KS","kansas_internal":false,"crosses_kansas_boundary":true,"representation":"Provisional PyPSA-USA synthetic AC branch"},"geometry":{"type":"LineString","coordinates":[[-94.592,37.3213],[-94.7141,37.1148]]}},{"type":"Feature","properties":{"kind":"network_line","line_id":"74161","bus0":"58407","bus1":"63835","voltage_kv":161,"capacity_mw":232.4,"length_km":12.933947256610452,"state0":"MO","state1":"KS","kansas_internal":false,"crosses_kansas_boundary":true,"representation":"Provisional PyPSA-USA synthetic AC branch"},"geometry":{"type":"LineString","coordinates":[[-94.592,37.3213],[-94.7317,37.3554]]}},{"type":"Feature","properties":{"kind":"network_line","line_id":"74193","bus0":"65198","bus1":"58436","voltage_kv":161,"capacity_mw":282.37,"length_km":5.955544872089398,"state0":"KS","state1":"MO","kansas_internal":false,"crosses_kansas_boundary":true,"representation":"Provisional PyPSA-USA synthetic AC branch"},"geometry":{"type":"LineString","coordinates":[[-94.6342,39.0977],[-94.5697,39.1166]]}},{"type":"Feature","properties":{"kind":"network_line","line_id":"74313","bus0":"58561","bus1":"64550","voltage_kv":500,"capacity_mw":2502.6,"length_km":28.347843843868656,"state0":"MO","state1":"KS","kansas_internal":false,"crosses_kansas_boundary":true,"representation":"Provisional PyPSA-USA synthetic AC branch"},"geometry":{"type":"LineString","coordinates":[[-94.6815,39.3145],[-94.9472,39.1645]]}},{"type":"Feature","properties":{"kind":"network_line","line_id":"78630","bus0":"62056","bus1":"65043","voltage_kv":115,"capacity_mw":199.25,"length_km":16.831741870774774,"state0":"OK","state1":"KS","kansas_internal":false,"crosses_kansas_boundary":true,"representation":"Provisional PyPSA-USA synthetic AC branch"},"geometry":{"type":"LineString","coordinates":[[-100.947,36.9129],[-100.946,37.0641]]}},{"type":"Feature","properties":{"kind":"network_line","line_id":"79041","bus0":"62341","bus1":"64522","voltage_kv":345,"capacity_mw":1128.94,"length_km":53.70520594879427,"state0":"OK","state1":"KS","kansas_internal":false,"crosses_kansas_boundary":true,"representation":"Provisional PyPSA-USA synthetic AC branch"},"geometry":{"type":"LineString","coordinates":[[-94.9162,36.8695],[-95.1909,37.2993]]}},{"type":"Feature","properties":{"kind":"network_line","line_id":"79042","bus0":"65359","bus1":"62341","voltage_kv":345,"capacity_mw":1204.01,"length_km":32.68865700564454,"state0":"KS","state1":"OK","kansas_internal":false,"crosses_kansas_boundary":true,"representation":"Provisional PyPSA-USA synthetic AC branch"},"geometry":{"type":"LineString","coordinates":[[-94.7141,37.1148],[-94.9162,36.8695]]}},{"type":"Feature","properties":{"kind":"network_line","line_id":"79046","bus0":"62343","bus1":"63810","voltage_kv":161,"capacity_mw":221.58,"length_km":25.270297626618955,"state0":"OK","state1":"KS","kansas_internal":false,"crosses_kansas_boundary":true,"representation":"Provisional PyPSA-USA synthetic AC branch"},"geometry":{"type":"LineString","coordinates":[[-94.9162,36.8695],[-94.9623,37.0935]]}},{"type":"Feature","properties":{"kind":"network_line","line_id":"79064","bus0":"62355","bus1":"65934","voltage_kv":115,"capacity_mw":169.95,"length_km":63.01868952890733,"state0":"OK","state1":"KS","kansas_internal":false,"crosses_kansas_boundary":true,"representation":"Provisional PyPSA-USA synthetic AC branch"},"geometry":{"type":"LineString","coordinates":[[-95.2045,36.6535],[-94.6959,37.047]]}},{"type":"Feature","properties":{"kind":"network_line","line_id":"79163","bus0":"65250","bus1":"62436","voltage_kv":345,"capacity_mw":1325.51,"length_km":121.90939577748458,"state0":"KS","state1":"OK","kansas_internal":false,"crosses_kansas_boundary":true,"representation":"Provisional PyPSA-USA synthetic AC branch"},"geometry":{"type":"LineString","coordinates":[[-96.9961,37.2567],[-97.9852,36.4995]]}},{"type":"Feature","properties":{"kind":"network_line","line_id":"79311","bus0":"63916","bus1":"62559","voltage_kv":115,"capacity_mw":173.71,"length_km":14.192578867169596,"state0":"KS","state1":"OK","kansas_internal":false,"crosses_kansas_boundary":true,"representation":"Provisional PyPSA-USA synthetic AC branch"},"geometry":{"type":"LineString","coordinates":[[-96.9529,37.0142],[-96.9617,36.8869]]}},{"type":"Feature","properties":{"kind":"network_line","line_id":"79837","bus0":"63017","bus1":"65040","voltage_kv":115,"capacity_mw":209.75,"length_km":30.966950551031932,"state0":"OK","state1":"KS","kansas_internal":false,"crosses_kansas_boundary":true,"representation":"Provisional PyPSA-USA synthetic AC branch"},"geometry":{"type":"LineString","coordinates":[[-101.224,36.8279],[-101.079,37.0808]]}},{"type":"Feature","properties":{"kind":"network_line","line_id":"79838","bus0":"63017","bus1":"65040","voltage_kv":115,"capacity_mw":209.75,"length_km":30.966950551031932,"state0":"OK","state1":"KS","kansas_internal":false,"crosses_kansas_boundary":true,"representation":"Provisional PyPSA-USA synthetic AC branch"},"geometry":{"type":"LineString","coordinates":[[-101.224,36.8279],[-101.079,37.0808]]}},{"type":"Feature","properties":{"kind":"network_line","line_id":"79843","bus0":"63018","bus1":"65040","voltage_kv":115,"capacity_mw":175.8,"length_km":4.707933192547696,"state0":"KS","state1":"KS","kansas_internal":true,"crosses_kansas_boundary":false,"representation":"Provisional PyPSA-USA synthetic AC branch"},"geometry":{"type":"LineString","coordinates":[[-101.092,37.0398],[-101.079,37.0808]]}},{"type":"Feature","properties":{"kind":"network_line","line_id":"79968","bus0":"65772","bus1":"63119","voltage_kv":345,"capacity_mw":1244.02,"length_km":52.2454986580118,"state0":"KS","state1":"OK","kansas_internal":false,"crosses_kansas_boundary":true,"representation":"Provisional PyPSA-USA synthetic AC branch"},"geometry":{"type":"LineString","coordinates":[[-95.5867,37.0631],[-95.9125,36.6728]]}},{"type":"Feature","properties":{"kind":"network_line","line_id":"79971","bus0":"63800","bus1":"63123","voltage_kv":161,"capacity_mw":274.22,"length_km":59.455116610151364,"state0":"KS","state1":"OK","kansas_internal":false,"crosses_kansas_boundary":true,"representation":"Provisional PyPSA-USA synthetic AC branch"},"geometry":{"type":"LineString","coordinates":[[-96.2339,37.141],[-95.9125,36.6728]]}},{"type":"Feature","properties":{"kind":"network_line","line_id":"79972","bus0":"63123","bus1":"64671","voltage_kv":161,"capacity_mw":296.24,"length_km":39.797828081748186,"state0":"OK","state1":"KS","kansas_internal":false,"crosses_kansas_boundary":true,"representation":"Provisional PyPSA-USA synthetic AC branch"},"geometry":{"type":"LineString","coordinates":[[-95.9125,36.6728],[-95.8629,37.0281]]}},{"type":"Feature","properties":{"kind":"network_line","line_id":"80261","bus0":"65777","bus1":"63400","voltage_kv":500,"capacity_mw":3221.69,"length_km":75.19055400030959,"state0":"KS","state1":"OK","kansas_internal":false,"crosses_kansas_boundary":true,"representation":"Provisional PyPSA-USA synthetic AC branch"},"geometry":{"type":"LineString","coordinates":[[-95.5867,37.0631],[-95.6854,36.3923]]}},{"type":"Feature","properties":{"kind":"network_line","line_id":"80312","bus0":"63454","bus1":"64955","voltage_kv":500,"capacity_mw":3164.57,"length_km":153.08083753699356,"state0":"OK","state1":"KS","kansas_internal":false,"crosses_kansas_boundary":true,"representation":"Provisional PyPSA-USA synthetic AC branch"},"geometry":{"type":"LineString","coordinates":[[-97.0898,36.4494],[-97.3148,37.8128]]}},{"type":"Feature","properties":{"kind":"network_line","line_id":"80470","bus0":"63620","bus1":"64578","voltage_kv":161,"capacity_mw":324.04,"length_km":36.96715621723792,"state0":"KS","state1":"KS","kansas_internal":true,"crosses_kansas_boundary":false,"representation":"Provisional PyPSA-USA synthetic AC branch"},"geometry":{"type":"LineString","coordinates":[[-95.0376,37.8912],[-94.896,38.204]]}},{"type":"Feature","properties":{"kind":"network_line","line_id":"80471","bus0":"65380","bus1":"63620","voltage_kv":161,"capacity_mw":243.58,"length_km":37.294302510956506,"state0":"KS","state1":"KS","kansas_internal":true,"crosses_kansas_boundary":false,"representation":"Provisional PyPSA-USA synthetic AC branch"},"geometry":{"type":"LineString","coordinates":[[-95.4584,37.9362],[-95.0376,37.8912]]}},{"type":"Feature","properties":{"kind":"network_line","line_id":"80472","bus0":"63620","bus1":"65478","voltage_kv":161,"capacity_mw":319.02,"length_km":37.72475731317249,"state0":"KS","state1":"KS","kansas_internal":true,"crosses_kansas_boundary":false,"representation":"Provisional PyPSA-USA synthetic AC branch"},"geometry":{"type":"LineString","coordinates":[[-95.0376,37.8912],[-95.2412,37.593]]}},{"type":"Feature","properties":{"kind":"network_line","line_id":"80478","bus0":"64145","bus1":"63624","voltage_kv":161,"capacity_mw":221.95,"length_km":20.832772460792928,"state0":"KS","state1":"KS","kansas_internal":true,"crosses_kansas_boundary":false,"representation":"Provisional PyPSA-USA synthetic AC branch"},"geometry":{"type":"LineString","coordinates":[[-95.2527,38.5164],[-95.2345,38.3298]]}},{"type":"Feature","properties":{"kind":"network_line","line_id":"80487","bus0":"63633","bus1":"63630","voltage_kv":161,"capacity_mw":243.94,"length_km":7.743016591414762,"state0":"KS","state1":"KS","kansas_internal":true,"crosses_kansas_boundary":false,"representation":"Provisional PyPSA-USA synthetic AC branch"},"geometry":{"type":"LineString","coordinates":[[-95.131,39.4925],[-95.1748,39.5533]]}},{"type":"Feature","properties":{"kind":"network_line","line_id":"80488","bus0":"63649","bus1":"63630","voltage_kv":161,"capacity_mw":232.35,"length_km":26.28007303064335,"state0":"KS","state1":"KS","kansas_internal":true,"crosses_kansas_boundary":false,"representation":"Provisional PyPSA-USA synthetic AC branch"},"geometry":{"type":"LineString","coordinates":[[-95.4526,39.6529],[-95.1748,39.5533]]}},{"type":"Feature","properties":{"kind":"network_line","line_id":"80499","bus0":"63638","bus1":"65263","voltage_kv":161,"capacity_mw":243.78,"length_km":13.422750673609542,"state0":"KS","state1":"KS","kansas_internal":true,"crosses_kansas_boundary":false,"representation":"Provisional PyPSA-USA synthetic AC branch"},"geometry":{"type":"LineString","coordinates":[[-95.6838,39.5635],[-95.7316,39.4487]]}},{"type":"Feature","properties":{"kind":"network_line","line_id":"80509","bus0":"63645","bus1":"64277","voltage_kv":161,"capacity_mw":238.55,"length_km":23.816080348660826,"state0":"KS","state1":"KS","kansas_internal":true,"crosses_kansas_boundary":false,"representation":"Provisional PyPSA-USA synthetic AC branch"},"geometry":{"type":"LineString","coordinates":[[-95.8121,39.329],[-96.0515,39.2221]]}},{"type":"Feature","properties":{"kind":"network_line","line_id":"80530","bus0":"63662","bus1":"63660","voltage_kv":161,"capacity_mw":226.05,"length_km":34.73046891343103,"state0":"KS","state1":"KS","kansas_internal":true,"crosses_kansas_boundary":false,"representation":"Provisional PyPSA-USA synthetic AC branch"},"geometry":{"type":"LineString","coordinates":[[-98.7393,37.249],[-98.4799,37.0154]]}},{"type":"Feature","properties":{"kind":"network_line","line_id":"80532","bus0":"63897","bus1":"63662","voltage_kv":161,"capacity_mw":214.05,"length_km":54.48275282908669,"state0":"KS","state1":"KS","kansas_internal":true,"crosses_kansas_boundary":false,"representation":"Provisional PyPSA-USA synthetic AC branch"},"geometry":{"type":"LineString","coordinates":[[-99.2968,37.0439],[-98.7393,37.249]]}},{"type":"Feature","properties":{"kind":"network_line","line_id":"80533","bus0":"63662","bus1":"65631","voltage_kv":161,"capacity_mw":234.51,"length_km":27.58543714502584,"state0":"KS","state1":"KS","kansas_internal":true,"crosses_kansas_boundary":false,"representation":"Provisional PyPSA-USA synthetic AC branch"},"geometry":{"type":"LineString","coordinates":[[-98.7393,37.249],[-98.4621,37.3621]]}},{"type":"Feature","properties":{"kind":"network_line","line_id":"80549","bus0":"63676","bus1":"63671","voltage_kv":161,"capacity_mw":297.88,"length_km":15.95666995402831,"state0":"KS","state1":"KS","kansas_internal":true,"crosses_kansas_boundary":false,"representation":"Provisional PyPSA-USA synthetic AC branch"},"geometry":{"type":"LineString","coordinates":[[-98.7409,38.2563],[-98.7535,38.3993]]}},{"type":"Feature","properties":{"kind":"network_line","line_id":"80550","bus0":"63671","bus1":"65678","voltage_kv":161,"capacity_mw":290.99,"length_km":11.300143319347699,"state0":"KS","state1":"KS","kansas_internal":true,"crosses_kansas_boundary":false,"representation":"Provisional PyPSA-USA synthetic AC branch"},"geometry":{"type":"LineString","coordinates":[[-98.7535,38.3993],[-98.7765,38.4992]]}},{"type":"Feature","properties":{"kind":"network_line","line_id":"80553","bus0":"63678","bus1":"63676","voltage_kv":161,"capacity_mw":213.02,"length_km":8.883695534227401,"state0":"KS","state1":"KS","kansas_internal":true,"crosses_kansas_boundary":false,"representation":"Provisional PyPSA-USA synthetic AC branch"},"geometry":{"type":"LineString","coordinates":[[-98.8307,38.2937],[-98.7409,38.2563]]}},{"type":"Feature","properties":{"kind":"network_line","line_id":"80554","bus0":"63676","bus1":"65959","voltage_kv":161,"capacity_mw":305.76,"length_km":27.16799893213879,"state0":"KS","state1":"KS","kansas_internal":true,"crosses_kansas_boundary":false,"representation":"Provisional PyPSA-USA synthetic AC branch"},"geometry":{"type":"LineString","coordinates":[[-98.7409,38.2563],[-98.72,38.0128]]}},{"type":"Feature","properties":{"kind":"network_line","line_id":"80556","bus0":"65552","bus1":"63678","voltage_kv":161,"capacity_mw":309.09,"length_km":16.10826588882012,"state0":"KS","state1":"KS","kansas_internal":true,"crosses_kansas_boundary":false,"representation":"Provisional PyPSA-USA synthetic AC branch"},"geometry":{"type":"LineString","coordinates":[[-98.882,38.4327],[-98.8307,38.2937]]}},{"type":"Feature","properties":{"kind":"network_line","line_id":"80557","bus0":"63678","bus1":"65626","voltage_kv":161,"capacity_mw":293.11,"length_km":40.78980302370893,"state0":"KS","state1":"KS","kansas_internal":true,"crosses_kansas_boundary":false,"representation":"Provisional PyPSA-USA synthetic AC branch"},"geometry":{"type":"LineString","coordinates":[[-98.8307,38.2937],[-98.6158,37.9686]]}},{"type":"Feature","properties":{"kind":"network_line","line_id":"80558","bus0":"63678","bus1":"65945","voltage_kv":161,"capacity_mw":286.92,"length_km":28.705731530392377,"state0":"KS","state1":"KS","kansas_internal":true,"crosses_kansas_boundary":false,"representation":"Provisional PyPSA-USA synthetic AC branch"},"geometry":{"type":"LineString","coordinates":[[-98.8307,38.2937],[-99.1274,38.1833]]}},{"type":"Feature","properties":{"kind":"network_line","line_id":"80565","bus0":"65392","bus1":"63683","voltage_kv":161,"capacity_mw":255.49,"length_km":33.69286030055929,"state0":"KS","state1":"KS","kansas_internal":true,"crosses_kansas_boundary":false,"representation":"Provisional PyPSA-USA synthetic AC branch"},"geometry":{"type":"LineString","coordinates":[[-98.8574,38.8959],[-98.7596,38.603]]}},{"type":"Feature","properties":{"kind":"network_line","line_id":"80566","bus0":"65678","bus1":"63683","voltage_kv":161,"capacity_mw":266.73,"length_km":11.648254039750293,"state0":"KS","state1":"KS","kansas_internal":true,"crosses_kansas_boundary":false,"representation":"Provisional PyPSA-USA synthetic AC branch"},"geometry":{"type":"LineString","coordinates":[[-98.7765,38.4992],[-98.7596,38.603]]}},{"type":"Feature","properties":{"kind":"network_line","line_id":"80593","bus0":"63704","bus1":"65587","voltage_kv":161,"capacity_mw":225.52,"length_km":21.206310684470356,"state0":"KS","state1":"KS","kansas_internal":true,"crosses_kansas_boundary":false,"representation":"Provisional PyPSA-USA synthetic AC branch"},"geometry":{"type":"LineString","coordinates":[[-95.5855,39.877],[-95.8121,39.955]]}},{"type":"Feature","properties":{"kind":"network_line","line_id":"80596","bus0":"63706","bus1":"64705","voltage_kv":161,"capacity_mw":202.87,"length_km":21.45494302680333,"state0":"KS","state1":"KS","kansas_internal":true,"crosses_kansas_boundary":false,"representation":"Provisional PyPSA-USA synthetic AC branch"},"geometry":{"type":"LineString","coordinates":[[-95.8173,39.8692],[-96.0657,39.8412]]}},{"type":"Feature","properties":{"kind":"network_line","line_id":"80597","bus0":"65587","bus1":"63706","voltage_kv":161,"capacity_mw":224.93,"length_km":9.561526859270549,"state0":"KS","state1":"KS","kansas_internal":true,"crosses_kansas_boundary":false,"representation":"Provisional PyPSA-USA synthetic AC branch"},"geometry":{"type":"LineString","coordinates":[[-95.8121,39.955],[-95.8173,39.8692]]}},{"type":"Feature","properties":{"kind":"network_line","line_id":"80605","bus0":"63712","bus1":"64957","voltage_kv":161,"capacity_mw":288.57,"length_km":10.935851712690921,"state0":"KS","state1":"KS","kansas_internal":true,"crosses_kansas_boundary":false,"representation":"Provisional PyPSA-USA synthetic AC branch"},"geometry":{"type":"LineString","coordinates":[[-97.1465,37.7595],[-97.1917,37.668]]}},{"type":"Feature","properties":{"kind":"network_line","line_id":"80617","bus0":"63719","bus1":"64957","voltage_kv":161,"capacity_mw":255.99,"length_km":7.8772248884588505,"state0":"KS","state1":"KS","kansas_internal":true,"crosses_kansas_boundary":false,"representation":"Provisional PyPSA-USA synthetic AC branch"},"geometry":{"type":"LineString","coordinates":[[-97.1043,37.6829],[-97.1917,37.668]]}},{"type":"Feature","properties":{"kind":"network_line","line_id":"80618","bus0":"65320","bus1":"63719","voltage_kv":161,"capacity_mw":255.12,"length_km":12.15811897879664,"state0":"KS","state1":"KS","kansas_internal":true,"crosses_kansas_boundary":false,"representation":"Provisional PyPSA-USA synthetic AC branch"},"geometry":{"type":"LineString","coordinates":[[-96.9707,37.6556],[-97.1043,37.6829]]}},{"type":"Feature","properties":{"kind":"network_line","line_id":"80628","bus0":"63725","bus1":"63742","voltage_kv":161,"capacity_mw":288.42,"length_km":19.4943034423679,"state0":"KS","state1":"KS","kansas_internal":true,"crosses_kansas_boundary":false,"representation":"Provisional PyPSA-USA synthetic AC branch"},"geometry":{"type":"LineString","coordinates":[[-96.9213,37.7915],[-96.711,37.8469]]}},{"type":"Feature","properties":{"kind":"network_line","line_id":"80629","bus0":"65542","bus1":"63725","voltage_kv":161,"capacity_mw":297.16,"length_km":4.875894236446803,"state0":"KS","state1":"KS","kansas_internal":true,"crosses_kansas_boundary":false,"representation":"Provisional PyPSA-USA synthetic AC branch"},"geometry":{"type":"LineString","coordinates":[[-96.867,37.8003],[-96.9213,37.7915]]}},{"type":"Feature","properties":{"kind":"network_line","line_id":"80645","bus0":"63733","bus1":"64062","voltage_kv":161,"capacity_mw":231.64,"length_km":80.06776333560984,"state0":"KS","state1":"KS","kansas_internal":true,"crosses_kansas_boundary":false,"representation":"Provisional PyPSA-USA synthetic AC branch"},"geometry":{"type":"LineString","coordinates":[[-96.9629,37.5223],[-96.0639,37.6204]]}},{"type":"Feature","properties":{"kind":"network_line","line_id":"80646","bus0":"65230","bus1":"63733","voltage_kv":161,"capacity_mw":245.27,"length_km":35.31756127514903,"state0":"KS","state1":"KS","kansas_internal":true,"crosses_kansas_boundary":false,"representation":"Provisional PyPSA-USA synthetic AC branch"},"geometry":{"type":"LineString","coordinates":[[-96.5638,37.5445],[-96.9629,37.5223]]}},{"type":"Feature","properties":{"kind":"network_line","line_id":"80647","bus0":"63733","bus1":"65251","voltage_kv":161,"capacity_mw":297.73,"length_km":29.711914321137584,"state0":"KS","state1":"KS","kansas_internal":true,"crosses_kansas_boundary":false,"representation":"Provisional PyPSA-USA synthetic AC branch"},"geometry":{"type":"LineString","coordinates":[[-96.9629,37.5223],[-96.9961,37.2567]]}},{"type":"Feature","properties":{"kind":"network_line","line_id":"80648","bus0":"63733","bus1":"65320","voltage_kv":161,"capacity_mw":296.66,"length_km":14.85483087968048,"state0":"KS","state1":"KS","kansas_internal":true,"crosses_kansas_boundary":false,"representation":"Provisional PyPSA-USA synthetic AC branch"},"geometry":{"type":"LineString","coordinates":[[-96.9629,37.5223],[-96.9707,37.6556]]}},{"type":"Feature","properties":{"kind":"network_line","line_id":"80658","bus0":"63742","bus1":"63744","voltage_kv":161,"capacity_mw":240.94,"length_km":6.121445978425617,"state0":"KS","state1":"KS","kansas_internal":true,"crosses_kansas_boundary":false,"representation":"Provisional PyPSA-USA synthetic AC branch"},"geometry":{"type":"LineString","coordinates":[[-96.711,37.8469],[-96.7443,37.8952]]}},{"type":"Feature","properties":{"kind":"network_line","line_id":"80659","bus0":"63742","bus1":"64215","voltage_kv":161,"capacity_mw":276.31,"length_km":34.84793275637396,"state0":"KS","state1":"KS","kansas_internal":true,"crosses_kansas_boundary":false,"representation":"Provisional PyPSA-USA synthetic AC branch"},"geometry":{"type":"LineString","coordinates":[[-96.711,37.8469],[-96.3147,37.8557]]}},{"type":"Feature","properties":{"kind":"network_line","line_id":"80660","bus0":"63742","bus1":"65542","voltage_kv":161,"capacity_mw":272.44,"length_km":14.665430410816278,"state0":"KS","state1":"KS","kansas_internal":true,"crosses_kansas_boundary":false,"representation":"Provisional PyPSA-USA synthetic AC branch"},"geometry":{"type":"LineString","coordinates":[[-96.711,37.8469],[-96.867,37.8003]]}},{"type":"Feature","properties":{"kind":"network_line","line_id":"80663","bus0":"63744","bus1":"63757","voltage_kv":161,"capacity_mw":226.49,"length_km":49.566178147023855,"state0":"KS","state1":"KS","kansas_internal":true,"crosses_kansas_boundary":false,"representation":"Provisional PyPSA-USA synthetic AC branch"},"geometry":{"type":"LineString","coordinates":[[-96.7443,37.8952],[-97.2609,38.0754]]}},{"type":"Feature","properties":{"kind":"network_line","line_id":"80664","bus0":"63744","bus1":"63938","voltage_kv":161,"capacity_mw":257.52,"length_km":66.79297705252877,"state0":"KS","state1":"KS","kansas_internal":true,"crosses_kansas_boundary":false,"representation":"Provisional PyPSA-USA synthetic AC branch"},"geometry":{"type":"LineString","coordinates":[[-96.7443,37.8952],[-96.9607,37.3202]]}},{"type":"Feature","properties":{"kind":"network_line","line_id":"80665","bus0":"63744","bus1":"64244","voltage_kv":161,"capacity_mw":221.38,"length_km":75.08523728723168,"state0":"KS","state1":"KS","kansas_internal":true,"crosses_kansas_boundary":false,"representation":"Provisional PyPSA-USA synthetic AC branch"},"geometry":{"type":"LineString","coordinates":[[-96.7443,37.8952],[-97.4893,38.2282]]}},{"type":"Feature","properties":{"kind":"network_line","line_id":"80666","bus0":"63744","bus1":"65027","voltage_kv":161,"capacity_mw":217.46,"length_km":38.64299799784494,"state0":"KS","state1":"KS","kansas_internal":true,"crosses_kansas_boundary":false,"representation":"Provisional PyPSA-USA synthetic AC branch"},"geometry":{"type":"LineString","coordinates":[[-96.7443,37.8952],[-97.1797,37.8465]]}},{"type":"Feature","properties":{"kind":"network_line","line_id":"80678","bus0":"63756","bus1":"63757","voltage_kv":161,"capacity_mw":276.38,"length_km":13.43282767358266,"state0":"KS","state1":"KS","kansas_internal":true,"crosses_kansas_boundary":false,"representation":"Provisional PyPSA-USA synthetic AC branch"},"geometry":{"type":"LineString","coordinates":[[-97.3388,37.9715],[-97.2609,38.0754]]}},{"type":"Feature","properties":{"kind":"network_line","line_id":"80679","bus0":"64950","bus1":"63756","voltage_kv":161,"capacity_mw":292.4,"length_km":17.79177126054664,"state0":"KS","state1":"KS","kansas_internal":true,"crosses_kansas_boundary":false,"representation":"Provisional PyPSA-USA synthetic AC branch"},"geometry":{"type":"LineString","coordinates":[[-97.3148,37.8128],[-97.3388,37.9715]]}},{"type":"Feature","properties":{"kind":"network_line","line_id":"80682","bus0":"63763","bus1":"63757","voltage_kv":161,"capacity_mw":298.72,"length_km":9.733492855621844,"state0":"KS","state1":"KS","kansas_internal":true,"crosses_kansas_boundary":false,"representation":"Provisional PyPSA-USA synthetic AC branch"},"geometry":{"type":"LineString","coordinates":[[-97.3595,38.1157],[-97.2609,38.0754]]}},{"type":"Feature","properties":{"kind":"network_line","line_id":"80683","bus0":"63757","bus1":"64249","voltage_kv":161,"capacity_mw":316.72,"length_km":25.870330956500542,"state0":"KS","state1":"KS","kansas_internal":true,"crosses_kansas_boundary":false,"representation":"Provisional PyPSA-USA synthetic AC branch"},"geometry":{"type":"LineString","coordinates":[[-97.2609,38.0754],[-97.0355,38.2257]]}},{"type":"Feature","properties":{"kind":"network_line","line_id":"80689","bus0":"64244","bus1":"63763","voltage_kv":161,"capacity_mw":233.66,"length_km":16.907784083795633,"state0":"KS","state1":"KS","kansas_internal":true,"crosses_kansas_boundary":false,"representation":"Provisional PyPSA-USA synthetic AC branch"},"geometry":{"type":"LineString","coordinates":[[-97.4893,38.2282],[-97.3595,38.1157]]}},{"type":"Feature","properties":{"kind":"network_line","line_id":"80690","bus0":"63764","bus1":"65665","voltage_kv":500,"capacity_mw":2783.82,"length_km":36.43268219499477,"state0":"KS","state1":"KS","kansas_internal":true,"crosses_kansas_boundary":false,"representation":"Provisional PyPSA-USA synthetic AC branch"},"geometry":{"type":"LineString","coordinates":[[-97.3595,38.1157],[-97.5541,37.8266]]}},{"type":"Feature","properties":{"kind":"network_line","line_id":"80691","bus0":"63764","bus1":"65975","voltage_kv":500,"capacity_mw":2598.81,"length_km":39.55545507805545,"state0":"KS","state1":"KS","kansas_internal":true,"crosses_kansas_boundary":false,"representation":"Provisional PyPSA-USA synthetic AC branch"},"geometry":{"type":"LineString","coordinates":[[-97.3595,38.1157],[-97.7074,38.3428]]}},{"type":"Feature","properties":{"kind":"network_line","line_id":"80707","bus0":"63777","bus1":"63791","voltage_kv":161,"capacity_mw":249.43,"length_km":23.109952523037755,"state0":"KS","state1":"KS","kansas_internal":true,"crosses_kansas_boundary":false,"representation":"Provisional PyPSA-USA synthetic AC branch"},"geometry":{"type":"LineString","coordinates":[[-96.4885,38.6577],[-96.4881,38.4501]]}},{"type":"Feature","properties":{"kind":"network_line","line_id":"80708","bus0":"63777","bus1":"64617","voltage_kv":161,"capacity_mw":204.78,"length_km":51.52460733619149,"state0":"KS","state1":"KS","kansas_internal":true,"crosses_kansas_boundary":false,"representation":"Provisional PyPSA-USA synthetic AC branch"},"geometry":{"type":"LineString","coordinates":[[-96.4885,38.6577],[-96.9364,38.3554]]}},{"type":"Feature","properties":{"kind":"network_line","line_id":"80719","bus0":"63787","bus1":"63786","voltage_kv":161,"capacity_mw":236.74,"length_km":6.371711522872986,"state0":"KS","state1":"KS","kansas_internal":true,"crosses_kansas_boundary":false,"representation":"Provisional PyPSA-USA synthetic AC branch"},"geometry":{"type":"LineString","coordinates":[[-96.2052,38.4229],[-96.2647,38.3897]]}},{"type":"Feature","properties":{"kind":"network_line","line_id":"80720","bus0":"63786","bus1":"64219","voltage_kv":161,"capacity_mw":267.14,"length_km":29.644649662375524,"state0":"KS","state1":"KS","kansas_internal":true,"crosses_kansas_boundary":false,"representation":"Provisional PyPSA-USA synthetic AC branch"},"geometry":{"type":"LineString","coordinates":[[-96.2647,38.3897],[-96.1955,38.129]]}},{"type":"Feature","properties":{"kind":"network_line","line_id":"80723","bus0":"63787","bus1":"65648","voltage_kv":161,"capacity_mw":239.55,"length_km":13.556033042781548,"state0":"KS","state1":"KS","kansas_internal":true,"crosses_kansas_boundary":false,"representation":"Provisional PyPSA-USA synthetic AC branch"},"geometry":{"type":"LineString","coordinates":[[-96.2052,38.4229],[-96.0499,38.4179]]}},{"type":"Feature","properties":{"kind":"network_line","line_id":"80725","bus0":"63791","bus1":"64613","voltage_kv":161,"capacity_mw":252.79,"length_km":66.0461483284438,"state0":"KS","state1":"KS","kansas_internal":true,"crosses_kansas_boundary":false,"representation":"Provisional PyPSA-USA synthetic AC branch"},"geometry":{"type":"LineString","coordinates":[[-96.4881,38.4501],[-97.2425,38.3981]]}},{"type":"Feature","properties":{"kind":"network_line","line_id":"80737","bus0":"63800","bus1":"64884","voltage_kv":161,"capacity_mw":249.58,"length_km":132.65633812770974,"state0":"KS","state1":"KS","kansas_internal":true,"crosses_kansas_boundary":false,"representation":"Provisional PyPSA-USA synthetic AC branch"},"geometry":{"type":"LineString","coordinates":[[-96.2339,37.141],[-97.6984,37.3894]]}},{"type":"Feature","properties":{"kind":"network_line","line_id":"80738","bus0":"63800","bus1":"65156","voltage_kv":161,"capacity_mw":238.24,"length_km":126.74979193557515,"state0":"KS","state1":"KS","kansas_internal":true,"crosses_kansas_boundary":false,"representation":"Provisional PyPSA-USA synthetic AC branch"},"geometry":{"type":"LineString","coordinates":[[-96.2339,37.141],[-97.6575,37.0562]]}},{"type":"Feature","properties":{"kind":"network_line","line_id":"80753","bus0":"63823","bus1":"63810","voltage_kv":161,"capacity_mw":238.04,"length_km":14.620883480924299,"state0":"KS","state1":"KS","kansas_internal":true,"crosses_kansas_boundary":false,"representation":"Provisional PyPSA-USA synthetic AC branch"},"geometry":{"type":"LineString","coordinates":[[-95.1162,37.1403],[-94.9623,37.0935]]}},{"type":"Feature","properties":{"kind":"network_line","line_id":"80768","bus0":"64497","bus1":"63823","voltage_kv":161,"capacity_mw":244.33,"length_km":15.829898867163768,"state0":"KS","state1":"KS","kansas_internal":true,"crosses_kansas_boundary":false,"representation":"Provisional PyPSA-USA synthetic AC branch"},"geometry":{"type":"LineString","coordinates":[[-95.2888,37.1045],[-95.1162,37.1403]]}},{"type":"Feature","properties":{"kind":"network_line","line_id":"80772","bus0":"63838","bus1":"63827","voltage_kv":161,"capacity_mw":230.61,"length_km":8.090800959101232,"state0":"MO","state1":"KS","kansas_internal":false,"crosses_kansas_boundary":true,"representation":"Provisional PyPSA-USA synthetic AC branch"},"geometry":{"type":"LineString","coordinates":[[-94.5966,37.3667],[-94.6463,37.3057]]}},{"type":"Feature","properties":{"kind":"network_line","line_id":"80777","bus0":"63835","bus1":"63829","voltage_kv":161,"capacity_mw":243.26,"length_km":5.343217804833462,"state0":"KS","state1":"KS","kansas_internal":true,"crosses_kansas_boundary":false,"representation":"Provisional PyPSA-USA synthetic AC branch"},"geometry":{"type":"LineString","coordinates":[[-94.7317,37.3554],[-94.7059,37.3988]]}},{"type":"Feature","properties":{"kind":"network_line","line_id":"80778","bus0":"63829","bus1":"63948","voltage_kv":161,"capacity_mw":281.9,"length_km":10.991341796833899,"state0":"KS","state1":"KS","kansas_internal":true,"crosses_kansas_boundary":false,"representation":"Provisional PyPSA-USA synthetic AC branch"},"geometry":{"type":"LineString","coordinates":[[-94.7059,37.3988],[-94.7093,37.4975]]}},{"type":"Feature","properties":{"kind":"network_line","line_id":"80779","bus0":"63829","bus1":"65598","voltage_kv":161,"capacity_mw":230.23,"length_km":17.507491150126718,"state0":"KS","state1":"KS","kansas_internal":true,"crosses_kansas_boundary":false,"representation":"Provisional PyPSA-USA synthetic AC branch"},"geometry":{"type":"LineString","coordinates":[[-94.7059,37.3988],[-94.847,37.5092]]}},{"type":"Feature","properties":{"kind":"network_line","line_id":"80783","bus0":"63833","bus1":"64517","voltage_kv":500,"capacity_mw":2994.71,"length_km":44.325689583913196,"state0":"KS","state1":"KS","kansas_internal":true,"crosses_kansas_boundary":false,"representation":"Provisional PyPSA-USA synthetic AC branch"},"geometry":{"type":"LineString","coordinates":[[-94.7059,37.3988],[-95.1909,37.2993]]}},{"type":"Feature","properties":{"kind":"network_line","line_id":"80784","bus0":"63833","bus1":"65351","voltage_kv":500,"capacity_mw":2700.55,"length_km":31.62308258377313,"state0":"KS","state1":"KS","kansas_internal":true,"crosses_kansas_boundary":false,"representation":"Provisional PyPSA-USA synthetic AC branch"},"geometry":{"type":"LineString","coordinates":[[-94.7059,37.3988],[-94.7141,37.1148]]}},{"type":"Feature","properties":{"kind":"network_line","line_id":"80810","bus0":"63854","bus1":"65419","voltage_kv":161,"capacity_mw":265.9,"length_km":34.07075418189682,"state0":"KS","state1":"KS","kansas_internal":true,"crosses_kansas_boundary":false,"representation":"Provisional PyPSA-USA synthetic AC branch"},"geometry":{"type":"LineString","coordinates":[[-99.979,37.3812],[-100.307,37.2212]]}},{"type":"Feature","properties":{"kind":"network_line","line_id":"80811","bus0":"65657","bus1":"63854","voltage_kv":161,"capacity_mw":255.18,"length_km":33.85990053475035,"state0":"KS","state1":"KS","kansas_internal":true,"crosses_kansas_boundary":false,"representation":"Provisional PyPSA-USA synthetic AC branch"},"geometry":{"type":"LineString","coordinates":[[-100.264,37.5846],[-99.979,37.3812]]}},{"type":"Feature","properties":{"kind":"network_line","line_id":"80823","bus0":"63861","bus1":"63863","voltage_kv":161,"capacity_mw":253.24,"length_km":32.06335705627275,"state0":"KS","state1":"KS","kansas_internal":true,"crosses_kansas_boundary":false,"representation":"Provisional PyPSA-USA synthetic AC branch"},"geometry":{"type":"LineString","coordinates":[[-97.2514,38.9737],[-97.174,39.2554]]}},{"type":"Feature","properties":{"kind":"network_line","line_id":"80824","bus0":"63861","bus1":"63962","voltage_kv":161,"capacity_mw":273.95,"length_km":16.963407852915232,"state0":"KS","state1":"KS","kansas_internal":true,"crosses_kansas_boundary":false,"representation":"Provisional PyPSA-USA synthetic AC branch"},"geometry":{"type":"LineString","coordinates":[[-97.2514,38.9737],[-97.0616,38.9358]]}},{"type":"Feature","properties":{"kind":"network_line","line_id":"80827","bus0":"63863","bus1":"65987","voltage_kv":161,"capacity_mw":218.44,"length_km":14.68140475082489,"state0":"KS","state1":"KS","kansas_internal":true,"crosses_kansas_boundary":false,"representation":"Provisional PyPSA-USA synthetic AC branch"},"geometry":{"type":"LineString","coordinates":[[-97.174,39.2554],[-97.1212,39.3808]]}},{"type":"Feature","properties":{"kind":"network_line","line_id":"80856","bus0":"65754","bus1":"63882","voltage_kv":161,"capacity_mw":273.37,"length_km":14.328080981364437,"state0":"KS","state1":"KS","kansas_internal":true,"crosses_kansas_boundary":false,"representation":"Provisional PyPSA-USA synthetic AC branch"},"geometry":{"type":"LineString","coordinates":[[-97.6868,39.4617],[-97.7338,39.5852]]}},{"type":"Feature","properties":{"kind":"network_line","line_id":"80857","bus0":"65834","bus1":"63882","voltage_kv":161,"capacity_mw":262.97,"length_km":36.32286168118107,"state0":"KS","state1":"KS","kansas_internal":true,"crosses_kansas_boundary":false,"representation":"Provisional PyPSA-USA synthetic AC branch"},"geometry":{"type":"LineString","coordinates":[[-98.1212,39.4542],[-97.7338,39.5852]]}},{"type":"Feature","properties":{"kind":"network_line","line_id":"80887","bus0":"63904","bus1":"63907","voltage_kv":161,"capacity_mw":307.15,"length_km":11.70194405287043,"state0":"KS","state1":"OK","kansas_internal":false,"crosses_kansas_boundary":true,"representation":"Provisional PyPSA-USA synthetic AC branch"},"geometry":{"type":"LineString","coordinates":[[-97.016,37.0653],[-97.0368,36.9615]]}},{"type":"Feature","properties":{"kind":"network_line","line_id":"80888","bus0":"63915","bus1":"63904","voltage_kv":161,"capacity_mw":255.88,"length_km":7.987201656957866,"state0":"KS","state1":"KS","kansas_internal":true,"crosses_kansas_boundary":false,"representation":"Provisional PyPSA-USA synthetic AC branch"},"geometry":{"type":"LineString","coordinates":[[-96.9529,37.0142],[-97.016,37.0653]]}},{"type":"Feature","properties":{"kind":"network_line","line_id":"80889","bus0":"63933","bus1":"63904","voltage_kv":161,"capacity_mw":299.89,"length_km":13.03492856032474,"state0":"KS","state1":"KS","kansas_internal":true,"crosses_kansas_boundary":false,"representation":"Provisional PyPSA-USA synthetic AC branch"},"geometry":{"type":"LineString","coordinates":[[-96.9877,37.1802],[-97.016,37.0653]]}},{"type":"Feature","properties":{"kind":"network_line","line_id":"80894","bus0":"63915","bus1":"63907","voltage_kv":161,"capacity_mw":307.78,"length_km":9.490574687692781,"state0":"KS","state1":"OK","kansas_internal":false,"crosses_kansas_boundary":true,"representation":"Provisional PyPSA-USA synthetic AC branch"},"geometry":{"type":"LineString","coordinates":[[-96.9529,37.0142],[-97.0368,36.9615]]}},{"type":"Feature","properties":{"kind":"network_line","line_id":"80902","bus0":"63915","bus1":"63917","voltage_kv":161,"capacity_mw":303.26,"length_km":15.724945095312545,"state0":"KS","state1":"KS","kansas_internal":true,"crosses_kansas_boundary":false,"representation":"Provisional PyPSA-USA synthetic AC branch"},"geometry":{"type":"LineString","coordinates":[[-96.9529,37.0142],[-96.9134,37.1519]]}},{"type":"Feature","properties":{"kind":"network_line","line_id":"80905","bus0":"63933","bus1":"63917","voltage_kv":161,"capacity_mw":251.98,"length_km":7.305281091246548,"state0":"KS","state1":"KS","kansas_internal":true,"crosses_kansas_boundary":false,"representation":"Provisional PyPSA-USA synthetic AC branch"},"geometry":{"type":"LineString","coordinates":[[-96.9877,37.1802],[-96.9134,37.1519]]}},{"type":"Feature","properties":{"kind":"network_line","line_id":"80906","bus0":"63917","bus1":"64067","voltage_kv":161,"capacity_mw":262.76,"length_km":113.11675271545111,"state0":"KS","state1":"KS","kansas_internal":true,"crosses_kansas_boundary":false,"representation":"Provisional PyPSA-USA synthetic AC branch"},"geometry":{"type":"LineString","coordinates":[[-96.9134,37.1519],[-95.7577,37.5866]]}},{"type":"Feature","properties":{"kind":"network_line","line_id":"80907","bus0":"63917","bus1":"64671","voltage_kv":161,"capacity_mw":244.64,"length_km":94.29466980432542,"state0":"KS","state1":"KS","kansas_internal":true,"crosses_kansas_boundary":false,"representation":"Provisional PyPSA-USA synthetic AC branch"},"geometry":{"type":"LineString","coordinates":[[-96.9134,37.1519],[-95.8629,37.0281]]}},{"type":"Feature","properties":{"kind":"network_line","line_id":"80908","bus0":"63917","bus1":"65251","voltage_kv":161,"capacity_mw":275.85,"length_km":13.7792654978921,"state0":"KS","state1":"KS","kansas_internal":true,"crosses_kansas_boundary":false,"representation":"Provisional PyPSA-USA synthetic AC branch"},"geometry":{"type":"LineString","coordinates":[[-96.9134,37.1519],[-96.9961,37.2567]]}},{"type":"Feature","properties":{"kind":"network_line","line_id":"80917","bus0":"63925","bus1":"64895","voltage_kv":161,"capacity_mw":254.7,"length_km":9.57433039167945,"state0":"KS","state1":"KS","kansas_internal":true,"crosses_kansas_boundary":false,"representation":"Provisional PyPSA-USA synthetic AC branch"},"geometry":{"type":"LineString","coordinates":[[-97.2278,37.4524],[-97.1947,37.5343]]}},{"type":"Feature","properties":{"kind":"network_line","line_id":"80918","bus0":"63925","bus1":"64971","voltage_kv":161,"capacity_mw":268.18,"length_km":15.139436563371728,"state0":"KS","state1":"KS","kansas_internal":true,"crosses_kansas_boundary":false,"representation":"Provisional PyPSA-USA synthetic AC branch"},"geometry":{"type":"LineString","coordinates":[[-97.2278,37.4524],[-97.2821,37.5814]]}},{"type":"Feature","properties":{"kind":"network_line","line_id":"80919","bus0":"63925","bus1":"65438","voltage_kv":161,"capacity_mw":302.48,"length_km":20.48069789775112,"state0":"KS","state1":"KS","kansas_internal":true,"crosses_kansas_boundary":false,"representation":"Provisional PyPSA-USA synthetic AC branch"},"geometry":{"type":"LineString","coordinates":[[-97.2278,37.4524],[-97.1515,37.2787]]}},{"type":"Feature","properties":{"kind":"network_line","line_id":"80931","bus0":"63933","bus1":"63938","voltage_kv":161,"capacity_mw":270.03,"length_km":15.767298847225387,"state0":"KS","state1":"KS","kansas_internal":true,"crosses_kansas_boundary":false,"representation":"Provisional PyPSA-USA synthetic AC branch"},"geometry":{"type":"LineString","coordinates":[[-96.9877,37.1802],[-96.9607,37.3202]]}},{"type":"Feature","properties":{"kind":"network_line","line_id":"80932","bus0":"65438","bus1":"63933","voltage_kv":161,"capacity_mw":288.82,"length_km":18.19376965466939,"state0":"KS","state1":"KS","kansas_internal":true,"crosses_kansas_boundary":false,"representation":"Provisional PyPSA-USA synthetic AC branch"},"geometry":{"type":"LineString","coordinates":[[-97.1515,37.2787],[-96.9877,37.1802]]}},{"type":"Feature","properties":{"kind":"network_line","line_id":"80939","bus0":"63938","bus1":"65251","voltage_kv":161,"capacity_mw":270.94,"length_km":7.732871912267526,"state0":"KS","state1":"KS","kansas_internal":true,"crosses_kansas_boundary":false,"representation":"Provisional PyPSA-USA synthetic AC branch"},"geometry":{"type":"LineString","coordinates":[[-96.9607,37.3202],[-96.9961,37.2567]]}},{"type":"Feature","properties":{"kind":"network_line","line_id":"80963","bus0":"64805","bus1":"63961","voltage_kv":161,"capacity_mw":276.22,"length_km":41.644790498044635,"state0":"KS","state1":"KS","kansas_internal":true,"crosses_kansas_boundary":false,"representation":"Provisional PyPSA-USA synthetic AC branch"},"geometry":{"type":"LineString","coordinates":[[-100.751,39.5077],[-100.554,39.8497]]}},{"type":"Feature","properties":{"kind":"network_line","line_id":"80964","bus0":"66722","bus1":"63961","voltage_kv":161,"capacity_mw":270.81,"length_km":50.75339048394448,"state0":"NE","state1":"KS","kansas_internal":false,"crosses_kansas_boundary":true,"representation":"Provisional PyPSA-USA synthetic AC branch"},"geometry":{"type":"LineString","coordinates":[[-100.732,40.2848],[-100.554,39.8497]]}},{"type":"Feature","properties":{"kind":"network_line","line_id":"80965","bus0":"63970","bus1":"63962","voltage_kv":161,"capacity_mw":281.1,"length_km":27.248842818974758,"state0":"KS","state1":"KS","kansas_internal":true,"crosses_kansas_boundary":false,"representation":"Provisional PyPSA-USA synthetic AC branch"},"geometry":{"type":"LineString","coordinates":[[-96.9513,38.7066],[-97.0616,38.9358]]}},{"type":"Feature","properties":{"kind":"network_line","line_id":"80980","bus0":"63970","bus1":"63974","voltage_kv":161,"capacity_mw":279.12,"length_km":25.98972871941706,"state0":"KS","state1":"KS","kansas_internal":true,"crosses_kansas_boundary":false,"representation":"Provisional PyPSA-USA synthetic AC branch"},"geometry":{"type":"LineString","coordinates":[[-96.9513,38.7066],[-96.7728,38.8941]]}},{"type":"Feature","properties":{"kind":"network_line","line_id":"80981","bus0":"64617","bus1":"63970","voltage_kv":161,"capacity_mw":303.02,"length_km":39.11693052898746,"state0":"KS","state1":"KS","kansas_internal":true,"crosses_kansas_boundary":false,"representation":"Provisional PyPSA-USA synthetic AC branch"},"geometry":{"type":"LineString","coordinates":[[-96.9364,38.3554],[-96.9513,38.7066]]}},{"type":"Feature","properties":{"kind":"network_line","line_id":"80987","bus0":"63978","bus1":"63974","voltage_kv":161,"capacity_mw":295.61,"length_km":14.911152859196434,"state0":"KS","state1":"KS","kansas_internal":true,"crosses_kansas_boundary":false,"representation":"Provisional PyPSA-USA synthetic AC branch"},"geometry":{"type":"LineString","coordinates":[[-96.8555,39.0116],[-96.7728,38.8941]]}},{"type":"Feature","properties":{"kind":"network_line","line_id":"80988","bus0":"63974","bus1":"65161","voltage_kv":161,"capacity_mw":265.56,"length_km":38.233832187651245,"state0":"KS","state1":"KS","kansas_internal":true,"crosses_kansas_boundary":false,"representation":"Provisional PyPSA-USA synthetic AC branch"},"geometry":{"type":"LineString","coordinates":[[-96.7728,38.8941],[-96.3372,38.9499]]}},{"type":"Feature","properties":{"kind":"network_line","line_id":"80991","bus0":"63977","bus1":"64164","voltage_kv":500,"capacity_mw":2794.45,"length_km":36.958504456707665,"state0":"KS","state1":"KS","kansas_internal":true,"crosses_kansas_boundary":false,"representation":"Provisional PyPSA-USA synthetic AC branch"},"geometry":{"type":"LineString","coordinates":[[-96.7728,38.8941],[-96.5886,39.1937]]}},{"type":"Feature","properties":{"kind":"network_line","line_id":"80992","bus0":"63977","bus1":"65649","voltage_kv":500,"capacity_mw":2935.76,"length_km":82.21397362919042,"state0":"KS","state1":"KS","kansas_internal":true,"crosses_kansas_boundary":false,"representation":"Provisional PyPSA-USA synthetic AC branch"},"geometry":{"type":"LineString","coordinates":[[-96.7728,38.8941],[-96.0499,38.4179]]}},{"type":"Feature","properties":{"kind":"network_line","line_id":"80995","bus0":"64161","bus1":"63978","voltage_kv":161,"capacity_mw":271.68,"length_km":14.020657607113492,"state0":"KS","state1":"KS","kansas_internal":true,"crosses_kansas_boundary":false,"representation":"Provisional PyPSA-USA synthetic AC branch"},"geometry":{"type":"LineString","coordinates":[[-96.7665,39.1169],[-96.8555,39.0116]]}},{"type":"Feature","properties":{"kind":"network_line","line_id":"81006","bus0":"63987","bus1":"67679","voltage_kv":161,"capacity_mw":268.45,"length_km":36.7313649713116,"state0":"KS","state1":"NE","kansas_internal":false,"crosses_kansas_boundary":true,"representation":"Provisional PyPSA-USA synthetic AC branch"},"geometry":{"type":"LineString","coordinates":[[-95.2377,39.9105],[-95.6115,40.0744]]}},{"type":"Feature","properties":{"kind":"network_line","line_id":"81024","bus0":"64019","bus1":"64003","voltage_kv":161,"capacity_mw":257.03,"length_km":13.75788120757257,"state0":"KS","state1":"KS","kansas_internal":true,"crosses_kansas_boundary":false,"representation":"Provisional PyPSA-USA synthetic AC branch"},"geometry":{"type":"LineString","coordinates":[[-95.1517,38.8128],[-95.0519,38.9089]]}},{"type":"Feature","properties":{"kind":"network_line","line_id":"81025","bus0":"64003","bus1":"64365","voltage_kv":161,"capacity_mw":248.25,"length_km":10.458196569765864,"state0":"KS","state1":"KS","kansas_internal":true,"crosses_kansas_boundary":false,"representation":"Provisional PyPSA-USA synthetic AC branch"},"geometry":{"type":"LineString","coordinates":[[-95.0519,38.9089],[-94.9355,38.9339]]}},{"type":"Feature","properties":{"kind":"network_line","line_id":"81037","bus0":"64006","bus1":"64009","voltage_kv":161,"capacity_mw":276.91,"length_km":5.9246447292874755,"state0":"KS","state1":"KS","kansas_internal":true,"crosses_kansas_boundary":false,"representation":"Provisional PyPSA-USA synthetic AC branch"},"geometry":{"type":"LineString","coordinates":[[-95.2294,39.0212],[-95.1894,38.978]]}},{"type":"Feature","properties":{"kind":"network_line","line_id":"81038","bus0":"64006","bus1":"65708","voltage_kv":161,"capacity_mw":300.62,"length_km":4.277834157646786,"state0":"KS","state1":"KS","kansas_internal":true,"crosses_kansas_boundary":false,"representation":"Provisional PyPSA-USA synthetic AC branch"},"geometry":{"type":"LineString","coordinates":[[-95.2294,39.0212],[-95.2729,39.0395]]}},{"type":"Feature","properties":{"kind":"network_line","line_id":"81044","bus0":"64009","bus1":"64287","voltage_kv":161,"capacity_mw":242.36,"length_km":29.081424740428123,"state0":"KS","state1":"KS","kansas_internal":true,"crosses_kansas_boundary":false,"representation":"Provisional PyPSA-USA synthetic AC branch"},"geometry":{"type":"LineString","coordinates":[[-95.1894,38.978],[-95.1833,39.2392]]}},{"type":"Feature","properties":{"kind":"network_line","line_id":"81054","bus0":"64137","bus1":"64019","voltage_kv":161,"capacity_mw":271.84,"length_km":14.925102018214417,"state0":"KS","state1":"KS","kansas_internal":true,"crosses_kansas_boundary":false,"representation":"Provisional PyPSA-USA synthetic AC branch"},"geometry":{"type":"LineString","coordinates":[[-95.3029,38.7489],[-95.1517,38.8128]]}},{"type":"Feature","properties":{"kind":"network_line","line_id":"81065","bus0":"64027","bus1":"64137","voltage_kv":161,"capacity_mw":245.7,"length_km":8.058621362164319,"state0":"KS","state1":"KS","kansas_internal":true,"crosses_kansas_boundary":false,"representation":"Provisional PyPSA-USA synthetic AC branch"},"geometry":{"type":"LineString","coordinates":[[-95.3688,38.7999],[-95.3029,38.7489]]}},{"type":"Feature","properties":{"kind":"network_line","line_id":"81074","bus0":"64033","bus1":"64042","voltage_kv":161,"capacity_mw":248.9,"length_km":16.216196107290543,"state0":"KS","state1":"KS","kansas_internal":true,"crosses_kansas_boundary":false,"representation":"Provisional PyPSA-USA synthetic AC branch"},"geometry":{"type":"LineString","coordinates":[[-95.441,38.8782],[-95.3749,39.0145]]}},{"type":"Feature","properties":{"kind":"network_line","line_id":"81075","bus0":"64033","bus1":"64137","voltage_kv":161,"capacity_mw":274.78,"length_km":18.72602539320764,"state0":"KS","state1":"KS","kansas_internal":true,"crosses_kansas_boundary":false,"representation":"Provisional PyPSA-USA synthetic AC branch"},"geometry":{"type":"LineString","coordinates":[[-95.441,38.8782],[-95.3029,38.7489]]}},{"type":"Feature","properties":{"kind":"network_line","line_id":"81081","bus0":"64041","bus1":"64045","voltage_kv":161,"capacity_mw":258.88,"length_km":4.74843212505552,"state0":"KS","state1":"KS","kansas_internal":true,"crosses_kansas_boundary":false,"representation":"Provisional PyPSA-USA synthetic AC branch"},"geometry":{"type":"LineString","coordinates":[[-95.3064,38.9843],[-95.3124,38.9419]]}},{"type":"Feature","properties":{"kind":"network_line","line_id":"81082","bus0":"65708","bus1":"64041","voltage_kv":161,"capacity_mw":290.21,"length_km":6.7937741517003865,"state0":"KS","state1":"KS","kansas_internal":true,"crosses_kansas_boundary":false,"representation":"Provisional PyPSA-USA synthetic AC branch"},"geometry":{"type":"LineString","coordinates":[[-95.2729,39.0395],[-95.3064,38.9843]]}},{"type":"Feature","properties":{"kind":"network_line","line_id":"81085","bus0":"64299","bus1":"64042","voltage_kv":161,"capacity_mw":210.94,"length_km":9.787573704958778,"state0":"KS","state1":"KS","kansas_internal":true,"crosses_kansas_boundary":false,"representation":"Provisional PyPSA-USA synthetic AC branch"},"geometry":{"type":"LineString","coordinates":[[-95.4013,39.1],[-95.3749,39.0145]]}},{"type":"Feature","properties":{"kind":"network_line","line_id":"81102","bus0":"64058","bus1":"65329","voltage_kv":161,"capacity_mw":358.04,"length_km":30.449026006446772,"state0":"KS","state1":"KS","kansas_internal":true,"crosses_kansas_boundary":false,"representation":"Provisional PyPSA-USA synthetic AC branch"},"geometry":{"type":"LineString","coordinates":[[-99.4498,37.8651],[-99.7955,37.8473]]}},{"type":"Feature","properties":{"kind":"network_line","line_id":"81103","bus0":"65684","bus1":"64058","voltage_kv":161,"capacity_mw":341.08,"length_km":79.27419867040615,"state0":"KS","state1":"KS","kansas_internal":true,"crosses_kansas_boundary":false,"representation":"Provisional PyPSA-USA synthetic AC branch"},"geometry":{"type":"LineString","coordinates":[[-99.2967,38.567],[-99.4498,37.8651]]}},{"type":"Feature","properties":{"kind":"network_line","line_id":"81104","bus0":"65945","bus1":"64058","voltage_kv":161,"capacity_mw":271.92,"length_km":45.321099639400074,"state0":"KS","state1":"KS","kansas_internal":true,"crosses_kansas_boundary":false,"representation":"Provisional PyPSA-USA synthetic AC branch"},"geometry":{"type":"LineString","coordinates":[[-99.1274,38.1833],[-99.4498,37.8651]]}},{"type":"Feature","properties":{"kind":"network_line","line_id":"81112","bus0":"65400","bus1":"64062","voltage_kv":161,"capacity_mw":246.82,"length_km":34.68464846701932,"state0":"KS","state1":"KS","kansas_internal":true,"crosses_kansas_boundary":false,"representation":"Provisional PyPSA-USA synthetic AC branch"},"geometry":{"type":"LineString","coordinates":[[-96.3994,37.4582],[-96.0639,37.6204]]}},{"type":"Feature","properties":{"kind":"network_line","line_id":"81118","bus0":"64067","bus1":"64682","voltage_kv":161,"capacity_mw":254.86,"length_km":21.370272214726867,"state0":"KS","state1":"KS","kansas_internal":true,"crosses_kansas_boundary":false,"representation":"Provisional PyPSA-USA synthetic AC branch"},"geometry":{"type":"LineString","coordinates":[[-95.7577,37.5866],[-95.6315,37.4228]]}},{"type":"Feature","properties":{"kind":"network_line","line_id":"81119","bus0":"65839","bus1":"64067","voltage_kv":161,"capacity_mw":260.21,"length_km":25.055853395929176,"state0":"KS","state1":"KS","kansas_internal":true,"crosses_kansas_boundary":false,"representation":"Provisional PyPSA-USA synthetic AC branch"},"geometry":{"type":"LineString","coordinates":[[-95.4849,37.6496],[-95.7577,37.5866]]}},{"type":"Feature","properties":{"kind":"network_line","line_id":"81125","bus0":"64072","bus1":"64080","voltage_kv":161,"capacity_mw":279.69,"length_km":32.916842739301494,"state0":"KS","state1":"KS","kansas_internal":true,"crosses_kansas_boundary":false,"representation":"Provisional PyPSA-USA synthetic AC branch"},"geometry":{"type":"LineString","coordinates":[[-99.653,38.958],[-99.2855,38.8826]]}},{"type":"Feature","properties":{"kind":"network_line","line_id":"81126","bus0":"64072","bus1":"64191","voltage_kv":161,"capacity_mw":256.45,"length_km":19.748891580398404,"state0":"KS","state1":"KS","kansas_internal":true,"crosses_kansas_boundary":false,"representation":"Provisional PyPSA-USA synthetic AC branch"},"geometry":{"type":"LineString","coordinates":[[-99.653,38.958],[-99.8777,38.9275]]}},{"type":"Feature","properties":{"kind":"network_line","line_id":"81136","bus0":"64080","bus1":"64079","voltage_kv":161,"capacity_mw":257.76,"length_km":10.048320719976932,"state0":"KS","state1":"KS","kansas_internal":true,"crosses_kansas_boundary":false,"representation":"Provisional PyPSA-USA synthetic AC branch"},"geometry":{"type":"LineString","coordinates":[[-99.2855,38.8826],[-99.373,38.8234]]}},{"type":"Feature","properties":{"kind":"network_line","line_id":"81137","bus0":"65684","bus1":"64079","voltage_kv":161,"capacity_mw":317.26,"length_km":29.302039974376775,"state0":"KS","state1":"KS","kansas_internal":true,"crosses_kansas_boundary":false,"representation":"Provisional PyPSA-USA synthetic AC branch"},"geometry":{"type":"LineString","coordinates":[[-99.2967,38.567],[-99.373,38.8234]]}},{"type":"Feature","properties":{"kind":"network_line","line_id":"81138","bus0":"65794","bus1":"64079","voltage_kv":161,"capacity_mw":294.49,"length_km":15.119655760631812,"state0":"KS","state1":"KS","kansas_internal":true,"crosses_kansas_boundary":false,"representation":"Provisional PyPSA-USA synthetic AC branch"},"geometry":{"type":"LineString","coordinates":[[-99.3656,38.9591],[-99.373,38.8234]]}},{"type":"Feature","properties":{"kind":"network_line","line_id":"81141","bus0":"64087","bus1":"64080","voltage_kv":161,"capacity_mw":289.14,"length_km":16.162492676343273,"state0":"KS","state1":"KS","kansas_internal":true,"crosses_kansas_boundary":false,"representation":"Provisional PyPSA-USA synthetic AC branch"},"geometry":{"type":"LineString","coordinates":[[-99.1137,38.8262],[-99.2855,38.8826]]}},{"type":"Feature","properties":{"kind":"network_line","line_id":"81144","bus0":"65388","bus1":"64084","voltage_kv":161,"capacity_mw":292.74,"length_km":11.681886203218898,"state0":"KS","state1":"KS","kansas_internal":true,"crosses_kansas_boundary":false,"representation":"Provisional PyPSA-USA synthetic AC branch"},"geometry":{"type":"LineString","coordinates":[[-99.294,39.3949],[-99.3193,39.2918]]}},{"type":"Feature","properties":{"kind":"network_line","line_id":"81145","bus0":"64084","bus1":"65794","voltage_kv":161,"capacity_mw":295.57,"length_km":37.251197679105104,"state0":"KS","state1":"KS","kansas_internal":true,"crosses_kansas_boundary":false,"representation":"Provisional PyPSA-USA synthetic AC branch"},"geometry":{"type":"LineString","coordinates":[[-99.3193,39.2918],[-99.3656,38.9591]]}},{"type":"Feature","properties":{"kind":"network_line","line_id":"81149","bus0":"65392","bus1":"64087","voltage_kv":161,"capacity_mw":254.26,"length_km":23.532283653664695,"state0":"KS","state1":"KS","kansas_internal":true,"crosses_kansas_boundary":false,"representation":"Provisional PyPSA-USA synthetic AC branch"},"geometry":{"type":"LineString","coordinates":[[-98.8574,38.8959],[-99.1137,38.8262]]}},{"type":"Feature","properties":{"kind":"network_line","line_id":"81150","bus0":"64087","bus1":"65678","voltage_kv":161,"capacity_mw":275.62,"length_km":46.73488456065139,"state0":"KS","state1":"KS","kansas_internal":true,"crosses_kansas_boundary":false,"representation":"Provisional PyPSA-USA synthetic AC branch"},"geometry":{"type":"LineString","coordinates":[[-99.1137,38.8262],[-98.7765,38.4992]]}},{"type":"Feature","properties":{"kind":"network_line","line_id":"81168","bus0":"64109","bus1":"64099","voltage_kv":161,"capacity_mw":222.99,"length_km":33.90547347520966,"state0":"KS","state1":"KS","kansas_internal":true,"crosses_kansas_boundary":false,"representation":"Provisional PyPSA-USA synthetic AC branch"},"geometry":{"type":"LineString","coordinates":[[-100.682,38.0679],[-100.314,37.9745]]}},{"type":"Feature","properties":{"kind":"network_line","line_id":"81176","bus0":"64110","bus1":"64105","voltage_kv":161,"capacity_mw":269.01,"length_km":13.382955542568299,"state0":"KS","state1":"KS","kansas_internal":true,"crosses_kansas_boundary":false,"representation":"Provisional PyPSA-USA synthetic AC branch"},"geometry":{"type":"LineString","coordinates":[[-100.773,38.101],[-100.891,38.0247]]}},{"type":"Feature","properties":{"kind":"network_line","line_id":"81177","bus0":"64116","bus1":"64105","voltage_kv":161,"capacity_mw":294.24,"length_km":55.713506018091465,"state0":"KS","state1":"KS","kansas_internal":true,"crosses_kansas_boundary":false,"representation":"Provisional PyPSA-USA synthetic AC branch"},"geometry":{"type":"LineString","coordinates":[[-100.919,38.5247],[-100.891,38.0247]]}},{"type":"Feature","properties":{"kind":"network_line","line_id":"81178","bus0":"65668","bus1":"64105","voltage_kv":161,"capacity_mw":292.88,"length_km":5.598996097992311,"state0":"KS","state1":"KS","kansas_internal":true,"crosses_kansas_boundary":false,"representation":"Provisional PyPSA-USA synthetic AC branch"},"geometry":{"type":"LineString","coordinates":[[-100.883,37.9748],[-100.891,38.0247]]}},{"type":"Feature","properties":{"kind":"network_line","line_id":"81179","bus0":"65797","bus1":"64105","voltage_kv":161,"capacity_mw":289.15,"length_km":4.8554961075134315,"state0":"KS","state1":"KS","kansas_internal":true,"crosses_kansas_boundary":false,"representation":"Provisional PyPSA-USA synthetic AC branch"},"geometry":{"type":"LineString","coordinates":[[-100.901,37.9818],[-100.891,38.0247]]}},{"type":"Feature","properties":{"kind":"network_line","line_id":"81183","bus0":"65668","bus1":"64108","voltage_kv":161,"capacity_mw":238.59,"length_km":12.374676684647055,"state0":"KS","state1":"KS","kansas_internal":true,"crosses_kansas_boundary":false,"representation":"Provisional PyPSA-USA synthetic AC branch"},"geometry":{"type":"LineString","coordinates":[[-100.883,37.9748],[-100.742,37.973]]}},{"type":"Feature","properties":{"kind":"network_line","line_id":"81184","bus0":"64108","bus1":"65797","voltage_kv":161,"capacity_mw":242.41,"length_km":13.986276071773435,"state0":"KS","state1":"KS","kansas_internal":true,"crosses_kansas_boundary":false,"representation":"Provisional PyPSA-USA synthetic AC branch"},"geometry":{"type":"LineString","coordinates":[[-100.742,37.973],[-100.901,37.9818]]}},{"type":"Feature","properties":{"kind":"network_line","line_id":"81185","bus0":"64110","bus1":"64109","voltage_kv":161,"capacity_mw":219.2,"length_km":8.783622359870654,"state0":"KS","state1":"KS","kansas_internal":true,"crosses_kansas_boundary":false,"representation":"Provisional PyPSA-USA synthetic AC branch"},"geometry":{"type":"LineString","coordinates":[[-100.773,38.101],[-100.682,38.0679]]}},{"type":"Feature","properties":{"kind":"network_line","line_id":"81186","bus0":"64109","bus1":"65940","voltage_kv":161,"capacity_mw":265.43,"length_km":77.73868667082225,"state0":"KS","state1":"KS","kansas_internal":true,"crosses_kansas_boundary":false,"representation":"Provisional PyPSA-USA synthetic AC branch"},"geometry":{"type":"LineString","coordinates":[[-100.682,38.0679],[-99.9187,37.7146]]}},{"type":"Feature","properties":{"kind":"network_line","line_id":"81193","bus0":"64116","bus1":"65169","voltage_kv":161,"capacity_mw":263.39,"length_km":88.31777198517885,"state0":"KS","state1":"KS","kansas_internal":true,"crosses_kansas_boundary":false,"representation":"Provisional PyPSA-USA synthetic AC branch"},"geometry":{"type":"LineString","coordinates":[[-100.919,38.5247],[-101.826,38.8831]]}},{"type":"Feature","properties":{"kind":"network_line","line_id":"81194","bus0":"64116","bus1":"65512","voltage_kv":161,"capacity_mw":265.67,"length_km":21.514768985186198,"state0":"KS","state1":"KS","kansas_internal":true,"crosses_kansas_boundary":false,"representation":"Provisional PyPSA-USA synthetic AC branch"},"geometry":{"type":"LineString","coordinates":[[-100.919,38.5247],[-101.166,38.5214]]}},{"type":"Feature","properties":{"kind":"network_line","line_id":"81200","bus0":"65657","bus1":"64119","voltage_kv":161,"capacity_mw":284.65,"length_km":17.29491030313969,"state0":"KS","state1":"KS","kansas_internal":true,"crosses_kansas_boundary":false,"representation":"Provisional PyPSA-USA synthetic AC branch"},"geometry":{"type":"LineString","coordinates":[[-100.264,37.5846],[-100.105,37.6756]]}},{"type":"Feature","properties":{"kind":"network_line","line_id":"81210","bus0":"64126","bus1":"64125","voltage_kv":161,"capacity_mw":246.08,"length_km":6.847583474362597,"state0":"KS","state1":"KS","kansas_internal":true,"crosses_kansas_boundary":false,"representation":"Provisional PyPSA-USA synthetic AC branch"},"geometry":{"type":"LineString","coordinates":[[-100.029,37.7469],[-99.9895,37.7999]]}},{"type":"Feature","properties":{"kind":"network_line","line_id":"81211","bus0":"65391","bus1":"64125","voltage_kv":161,"capacity_mw":193.26,"length_km":21.145847684432454,"state0":"KS","state1":"KS","kansas_internal":true,"crosses_kansas_boundary":false,"representation":"Provisional PyPSA-USA synthetic AC branch"},"geometry":{"type":"LineString","coordinates":[[-99.7675,37.873],[-99.9895,37.7999]]}},{"type":"Feature","properties":{"kind":"network_line","line_id":"81214","bus0":"64126","bus1":"65657","voltage_kv":161,"capacity_mw":264.8,"length_km":27.481694487893968,"state0":"KS","state1":"KS","kansas_internal":true,"crosses_kansas_boundary":false,"representation":"Provisional PyPSA-USA synthetic AC branch"},"geometry":{"type":"LineString","coordinates":[[-100.029,37.7469],[-100.264,37.5846]]}},{"type":"Feature","properties":{"kind":"network_line","line_id":"81215","bus0":"65940","bus1":"64126","voltage_kv":161,"capacity_mw":269.41,"length_km":10.355323749954838,"state0":"KS","state1":"KS","kansas_internal":true,"crosses_kansas_boundary":false,"representation":"Provisional PyPSA-USA synthetic AC branch"},"geometry":{"type":"LineString","coordinates":[[-99.9187,37.7146],[-100.029,37.7469]]}},{"type":"Feature","properties":{"kind":"network_line","line_id":"81227","bus0":"64134","bus1":"64583","voltage_kv":161,"capacity_mw":247.81,"length_km":48.110623619146004,"state0":"KS","state1":"KS","kansas_internal":true,"crosses_kansas_boundary":false,"representation":"Provisional PyPSA-USA synthetic AC branch"},"geometry":{"type":"LineString","coordinates":[[-95.0287,38.4565],[-94.6171,38.1693]]}},{"type":"Feature","properties":{"kind":"network_line","line_id":"81230","bus0":"64152","bus1":"64137","voltage_kv":161,"capacity_mw":303.12,"length_km":17.884311601732403,"state0":"KS","state1":"KS","kansas_internal":true,"crosses_kansas_boundary":false,"representation":"Provisional PyPSA-USA synthetic AC branch"},"geometry":{"type":"LineString","coordinates":[[-95.454,38.6398],[-95.3029,38.7489]]}},{"type":"Feature","properties":{"kind":"network_line","line_id":"81231","bus0":"64137","bus1":"65547","voltage_kv":161,"capacity_mw":272.68,"length_km":13.64851116771385,"state0":"KS","state1":"KS","kansas_internal":true,"crosses_kansas_boundary":false,"representation":"Provisional PyPSA-USA synthetic AC branch"},"geometry":{"type":"LineString","coordinates":[[-95.3029,38.7489],[-95.2713,38.6288]]}},{"type":"Feature","properties":{"kind":"network_line","line_id":"81241","bus0":"64147","bus1":"64145","voltage_kv":161,"capacity_mw":295.44,"length_km":6.3965905308884095,"state0":"KS","state1":"KS","kansas_internal":true,"crosses_kansas_boundary":false,"representation":"Provisional PyPSA-USA synthetic AC branch"},"geometry":{"type":"LineString","coordinates":[[-95.2053,38.5603],[-95.2527,38.5164]]}},{"type":"Feature","properties":{"kind":"network_line","line_id":"81242","bus0":"64146","bus1":"65637","voltage_kv":500,"capacity_mw":3422.38,"length_km":49.64143721575719,"state0":"KS","state1":"KS","kansas_internal":true,"crosses_kansas_boundary":false,"representation":"Provisional PyPSA-USA synthetic AC branch"},"geometry":{"type":"LineString","coordinates":[[-95.2527,38.5164],[-95.7029,38.2438]]}},{"type":"Feature","properties":{"kind":"network_line","line_id":"81243","bus0":"64146","bus1":"65717","voltage_kv":500,"capacity_mw":3101.55,"length_km":40.65494407457709,"state0":"KS","state1":"KS","kansas_internal":true,"crosses_kansas_boundary":false,"representation":"Provisional PyPSA-USA synthetic AC branch"},"geometry":{"type":"LineString","coordinates":[[-95.2527,38.5164],[-94.9651,38.8044]]}},{"type":"Feature","properties":{"kind":"network_line","line_id":"81244","bus0":"64146","bus1":"65870","voltage_kv":500,"capacity_mw":3015.56,"length_km":30.205262407621976,"state0":"KS","state1":"KS","kansas_internal":true,"crosses_kansas_boundary":false,"representation":"Provisional PyPSA-USA synthetic AC branch"},"geometry":{"type":"LineString","coordinates":[[-95.2527,38.5164],[-94.9105,38.5609]]}},{"type":"Feature","properties":{"kind":"network_line","line_id":"81247","bus0":"64147","bus1":"65547","voltage_kv":161,"capacity_mw":280.16,"length_km":9.545726257943578,"state0":"KS","state1":"KS","kansas_internal":true,"crosses_kansas_boundary":false,"representation":"Provisional PyPSA-USA synthetic AC branch"},"geometry":{"type":"LineString","coordinates":[[-95.2053,38.5603],[-95.2713,38.6288]]}},{"type":"Feature","properties":{"kind":"network_line","line_id":"81252","bus0":"64603","bus1":"64152","voltage_kv":161,"capacity_mw":330.84,"length_km":24.65040353292966,"state0":"KS","state1":"KS","kansas_internal":true,"crosses_kansas_boundary":false,"representation":"Provisional PyPSA-USA synthetic AC branch"},"geometry":{"type":"LineString","coordinates":[[-95.7174,38.5582],[-95.454,38.6398]]}},{"type":"Feature","properties":{"kind":"network_line","line_id":"81256","bus0":"64158","bus1":"64161","voltage_kv":161,"capacity_mw":187.72,"length_km":8.36722741065178,"state0":"KS","state1":"KS","kansas_internal":true,"crosses_kansas_boundary":false,"representation":"Provisional PyPSA-USA synthetic AC branch"},"geometry":{"type":"LineString","coordinates":[[-96.8483,39.1572],[-96.7665,39.1169]]}},{"type":"Feature","properties":{"kind":"network_line","line_id":"81257","bus0":"64158","bus1":"64861","voltage_kv":161,"capacity_mw":271.76,"length_km":16.832773949178733,"state0":"KS","state1":"KS","kansas_internal":true,"crosses_kansas_boundary":false,"representation":"Provisional PyPSA-USA synthetic AC branch"},"geometry":{"type":"LineString","coordinates":[[-96.8483,39.1572],[-96.6852,39.2402]]}},{"type":"Feature","properties":{"kind":"network_line","line_id":"81258","bus0":"64158","bus1":"65535","voltage_kv":161,"capacity_mw":289.46,"length_km":113.51879525208096,"state0":"KS","state1":"KS","kansas_internal":true,"crosses_kansas_boundary":false,"representation":"Provisional PyPSA-USA synthetic AC branch"},"geometry":{"type":"LineString","coordinates":[[-96.8483,39.1572],[-98.1518,39.029]]}},{"type":"Feature","properties":{"kind":"network_line","line_id":"81262","bus0":"64161","bus1":"64163","voltage_kv":161,"capacity_mw":259.75,"length_km":17.57597326374809,"state0":"KS","state1":"KS","kansas_internal":true,"crosses_kansas_boundary":false,"representation":"Provisional PyPSA-USA synthetic AC branch"},"geometry":{"type":"LineString","coordinates":[[-96.7665,39.1169],[-96.5886,39.1937]]}},{"type":"Feature","properties":{"kind":"network_line","line_id":"81263","bus0":"64161","bus1":"65263","voltage_kv":161,"capacity_mw":269.91,"length_km":96.51793365069807,"state0":"KS","state1":"KS","kansas_internal":true,"crosses_kansas_boundary":false,"representation":"Provisional PyPSA-USA synthetic AC branch"},"geometry":{"type":"LineString","coordinates":[[-96.7665,39.1169],[-95.7316,39.4487]]}},{"type":"Feature","properties":{"kind":"network_line","line_id":"81266","bus0":"64169","bus1":"64163","voltage_kv":161,"capacity_mw":248.54,"length_km":10.417501318882223,"state0":"KS","state1":"KS","kansas_internal":true,"crosses_kansas_boundary":false,"representation":"Provisional PyPSA-USA synthetic AC branch"},"geometry":{"type":"LineString","coordinates":[[-96.5085,39.1237],[-96.5886,39.1937]]}},{"type":"Feature","properties":{"kind":"network_line","line_id":"81267","bus0":"64163","bus1":"64621","voltage_kv":161,"capacity_mw":250.75,"length_km":56.73876593693422,"state0":"KS","state1":"KS","kansas_internal":true,"crosses_kansas_boundary":false,"representation":"Provisional PyPSA-USA synthetic AC branch"},"geometry":{"type":"LineString","coordinates":[[-96.5886,39.1937],[-96.696,39.6966]]}},{"type":"Feature","properties":{"kind":"network_line","line_id":"81268","bus0":"64784","bus1":"64163","voltage_kv":161,"capacity_mw":244.04,"length_km":26.659312824138837,"state0":"KS","state1":"KS","kansas_internal":true,"crosses_kansas_boundary":false,"representation":"Provisional PyPSA-USA synthetic AC branch"},"geometry":{"type":"LineString","coordinates":[[-96.2812,39.2185],[-96.5886,39.1937]]}},{"type":"Feature","properties":{"kind":"network_line","line_id":"81269","bus0":"64163","bus1":"64861","voltage_kv":161,"capacity_mw":270.75,"length_km":9.808447145681516,"state0":"KS","state1":"KS","kansas_internal":true,"crosses_kansas_boundary":false,"representation":"Provisional PyPSA-USA synthetic AC branch"},"geometry":{"type":"LineString","coordinates":[[-96.5886,39.1937],[-96.6852,39.2402]]}},{"type":"Feature","properties":{"kind":"network_line","line_id":"81270","bus0":"65469","bus1":"64164","voltage_kv":500,"capacity_mw":2499.62,"length_km":37.5472305677766,"state0":"KS","state1":"KS","kansas_internal":true,"crosses_kansas_boundary":false,"representation":"Provisional PyPSA-USA synthetic AC branch"},"geometry":{"type":"LineString","coordinates":[[-96.1622,39.262],[-96.5886,39.1937]]}},{"type":"Feature","properties":{"kind":"network_line","line_id":"81283","bus0":"64714","bus1":"64174","voltage_kv":161,"capacity_mw":274.69,"length_km":51.28342086390259,"state0":"KS","state1":"KS","kansas_internal":true,"crosses_kansas_boundary":false,"representation":"Provisional PyPSA-USA synthetic AC branch"},"geometry":{"type":"LineString","coordinates":[[-99.8765,38.3673],[-100.441,38.4965]]}},{"type":"Feature","properties":{"kind":"network_line","line_id":"81284","bus0":"64174","bus1":"65797","voltage_kv":161,"capacity_mw":279.38,"length_km":70.00312605682197,"state0":"KS","state1":"KS","kansas_internal":true,"crosses_kansas_boundary":false,"representation":"Provisional PyPSA-USA synthetic AC branch"},"geometry":{"type":"LineString","coordinates":[[-100.441,38.4965],[-100.901,37.9818]]}},{"type":"Feature","properties":{"kind":"network_line","line_id":"81290","bus0":"64178","bus1":"64589","voltage_kv":161,"capacity_mw":291.25,"length_km":70.12527958401355,"state0":"KS","state1":"KS","kansas_internal":true,"crosses_kansas_boundary":false,"representation":"Provisional PyPSA-USA synthetic AC branch"},"geometry":{"type":"LineString","coordinates":[[-100.951,38.9688],[-101.369,38.4299]]}},{"type":"Feature","properties":{"kind":"network_line","line_id":"81291","bus0":"65338","bus1":"64178","voltage_kv":161,"capacity_mw":286.77,"length_km":48.64705087543725,"state0":"KS","state1":"KS","kansas_internal":true,"crosses_kansas_boundary":false,"representation":"Provisional PyPSA-USA synthetic AC branch"},"geometry":{"type":"LineString","coordinates":[[-101.041,39.4002],[-100.951,38.9688]]}},{"type":"Feature","properties":{"kind":"network_line","line_id":"81294","bus0":"64191","bus1":"64179","voltage_kv":161,"capacity_mw":234.19,"length_km":29.052424717122037,"state0":"KS","state1":"KS","kansas_internal":true,"crosses_kansas_boundary":false,"representation":"Provisional PyPSA-USA synthetic AC branch"},"geometry":{"type":"LineString","coordinates":[[-99.8777,38.9275],[-100.213,38.9365]]}},{"type":"Feature","properties":{"kind":"network_line","line_id":"81312","bus0":"64191","bus1":"65244","voltage_kv":161,"capacity_mw":267.53,"length_km":48.504903811703734,"state0":"KS","state1":"KS","kansas_internal":true,"crosses_kansas_boundary":false,"representation":"Provisional PyPSA-USA synthetic AC branch"},"geometry":{"type":"LineString","coordinates":[[-99.8777,38.9275],[-99.8161,39.3606]]}},{"type":"Feature","properties":{"kind":"network_line","line_id":"81321","bus0":"64199","bus1":"64200","voltage_kv":161,"capacity_mw":253.2,"length_km":15.22609308340648,"state0":"KS","state1":"KS","kansas_internal":true,"crosses_kansas_boundary":false,"representation":"Provisional PyPSA-USA synthetic AC branch"},"geometry":{"type":"LineString","coordinates":[[-101.281,37.6169],[-101.292,37.4804]]}},{"type":"Feature","properties":{"kind":"network_line","line_id":"81322","bus0":"65923","bus1":"64199","voltage_kv":161,"capacity_mw":235.81,"length_km":35.577659085447515,"state0":"KS","state1":"KS","kansas_internal":true,"crosses_kansas_boundary":false,"representation":"Provisional PyPSA-USA synthetic AC branch"},"geometry":{"type":"LineString","coordinates":[[-101.246,37.9353],[-101.281,37.6169]]}},{"type":"Feature","properties":{"kind":"network_line","line_id":"81325","bus0":"64200","bus1":"65425","voltage_kv":161,"capacity_mw":272.07,"length_km":25.85853850918981,"state0":"KS","state1":"KS","kansas_internal":true,"crosses_kansas_boundary":false,"representation":"Provisional PyPSA-USA synthetic AC branch"},"geometry":{"type":"LineString","coordinates":[[-101.292,37.4804],[-101.064,37.6263]]}},{"type":"Feature","properties":{"kind":"network_line","line_id":"81326","bus0":"65725","bus1":"64200","voltage_kv":161,"capacity_mw":251.31,"length_km":31.917153667570616,"state0":"KS","state1":"KS","kansas_internal":true,"crosses_kansas_boundary":false,"representation":"Provisional PyPSA-USA synthetic AC branch"},"geometry":{"type":"LineString","coordinates":[[-101.64,37.558],[-101.292,37.4804]]}},{"type":"Feature","properties":{"kind":"network_line","line_id":"81339","bus0":"64213","bus1":"64221","voltage_kv":161,"capacity_mw":251.4,"length_km":47.11349084607782,"state0":"KS","state1":"KS","kansas_internal":true,"crosses_kansas_boundary":false,"representation":"Provisional PyPSA-USA synthetic AC branch"},"geometry":{"type":"LineString","coordinates":[[-101.873,38.4152],[-101.823,37.9938]]}},{"type":"Feature","properties":{"kind":"network_line","line_id":"81344","bus0":"64215","bus1":"64219","voltage_kv":161,"capacity_mw":269.86,"length_km":32.17069586399457,"state0":"KS","state1":"KS","kansas_internal":true,"crosses_kansas_boundary":false,"representation":"Provisional PyPSA-USA synthetic AC branch"},"geometry":{"type":"LineString","coordinates":[[-96.3147,37.8557],[-96.1955,38.129]]}},{"type":"Feature","properties":{"kind":"network_line","line_id":"81348","bus0":"64221","bus1":"65725","voltage_kv":161,"capacity_mw":257.47,"length_km":51.11536963716304,"state0":"KS","state1":"KS","kansas_internal":true,"crosses_kansas_boundary":false,"representation":"Provisional PyPSA-USA synthetic AC branch"},"geometry":{"type":"LineString","coordinates":[[-101.823,37.9938],[-101.64,37.558]]}},{"type":"Feature","properties":{"kind":"network_line","line_id":"81368","bus0":"64238","bus1":"65023","voltage_kv":161,"capacity_mw":287.3,"length_km":17.80533886789874,"state0":"KS","state1":"KS","kansas_internal":true,"crosses_kansas_boundary":false,"representation":"Provisional PyPSA-USA synthetic AC branch"},"geometry":{"type":"LineString","coordinates":[[-97.5409,37.8912],[-97.3507,37.8361]]}},{"type":"Feature","properties":{"kind":"network_line","line_id":"81369","bus0":"65666","bus1":"64238","voltage_kv":161,"capacity_mw":286.72,"length_km":7.284219008492556,"state0":"KS","state1":"KS","kansas_internal":true,"crosses_kansas_boundary":false,"representation":"Provisional PyPSA-USA synthetic AC branch"},"geometry":{"type":"LineString","coordinates":[[-97.5541,37.8266],[-97.5409,37.8912]]}},{"type":"Feature","properties":{"kind":"network_line","line_id":"81370","bus0":"64238","bus1":"66004","voltage_kv":161,"capacity_mw":272.82,"length_km":13.348693932911688,"state0":"KS","state1":"KS","kansas_internal":true,"crosses_kansas_boundary":false,"representation":"Provisional PyPSA-USA synthetic AC branch"},"geometry":{"type":"LineString","coordinates":[[-97.5409,37.8912],[-97.5343,37.7714]]}},{"type":"Feature","properties":{"kind":"network_line","line_id":"81384","bus0":"64249","bus1":"64617","voltage_kv":161,"capacity_mw":312.72,"length_km":16.83540814693115,"state0":"KS","state1":"KS","kansas_internal":true,"crosses_kansas_boundary":false,"representation":"Provisional PyPSA-USA synthetic AC branch"},"geometry":{"type":"LineString","coordinates":[[-97.0355,38.2257],[-96.9364,38.3554]]}},{"type":"Feature","properties":{"kind":"network_line","line_id":"81402","bus0":"64262","bus1":"65425","voltage_kv":161,"capacity_mw":219.62,"length_km":25.351724296479638,"state0":"KS","state1":"KS","kansas_internal":true,"crosses_kansas_boundary":false,"representation":"Provisional PyPSA-USA synthetic AC branch"},"geometry":{"type":"LineString","coordinates":[[-100.816,37.5113],[-101.064,37.6263]]}},{"type":"Feature","properties":{"kind":"network_line","line_id":"81417","bus0":"64277","bus1":"65114","voltage_kv":161,"capacity_mw":284.85,"length_km":22.757782654301813,"state0":"KS","state1":"KS","kansas_internal":true,"crosses_kansas_boundary":false,"representation":"Provisional PyPSA-USA synthetic AC branch"},"geometry":{"type":"LineString","coordinates":[[-96.0515,39.2221],[-95.8675,39.0757]]}},{"type":"Feature","properties":{"kind":"network_line","line_id":"81418","bus0":"65464","bus1":"64277","voltage_kv":161,"capacity_mw":300.94,"length_km":10.526901937935365,"state0":"KS","state1":"KS","kansas_internal":true,"crosses_kansas_boundary":false,"representation":"Provisional PyPSA-USA synthetic AC branch"},"geometry":{"type":"LineString","coordinates":[[-96.1622,39.262],[-96.0515,39.2221]]}},{"type":"Feature","properties":{"kind":"network_line","line_id":"81435","bus0":"64287","bus1":"64561","voltage_kv":161,"capacity_mw":230.75,"length_km":16.234660530065774,"state0":"KS","state1":"KS","kansas_internal":true,"crosses_kansas_boundary":false,"representation":"Provisional PyPSA-USA synthetic AC branch"},"geometry":{"type":"LineString","coordinates":[[-95.1833,39.2392],[-95.0291,39.323]]}},{"type":"Feature","properties":{"kind":"network_line","line_id":"81440","bus0":"64292","bus1":"64295","voltage_kv":161,"capacity_mw":232.87,"length_km":11.156217029453835,"state0":"KS","state1":"KS","kansas_internal":true,"crosses_kansas_boundary":false,"representation":"Provisional PyPSA-USA synthetic AC branch"},"geometry":{"type":"LineString","coordinates":[[-95.4636,39.3595],[-95.4941,39.2621]]}},{"type":"Feature","properties":{"kind":"network_line","line_id":"81442","bus0":"65081","bus1":"64295","voltage_kv":161,"capacity_mw":239.59,"length_km":19.448624561930853,"state0":"KS","state1":"KS","kansas_internal":true,"crosses_kansas_boundary":false,"representation":"Provisional PyPSA-USA synthetic AC branch"},"geometry":{"type":"LineString","coordinates":[[-95.6474,39.134],[-95.4941,39.2621]]}},{"type":"Feature","properties":{"kind":"network_line","line_id":"81445","bus0":"64299","bus1":"65087","voltage_kv":161,"capacity_mw":245.97,"length_km":17.72883902670674,"state0":"KS","state1":"KS","kansas_internal":true,"crosses_kansas_boundary":false,"representation":"Provisional PyPSA-USA synthetic AC branch"},"geometry":{"type":"LineString","coordinates":[[-95.4013,39.1],[-95.5785,39.0198]]}},{"type":"Feature","properties":{"kind":"network_line","line_id":"81458","bus0":"64310","bus1":"67406","voltage_kv":161,"capacity_mw":218.62,"length_km":37.06536812750389,"state0":"KS","state1":"NE","kansas_internal":false,"crosses_kansas_boundary":true,"representation":"Provisional PyPSA-USA synthetic AC branch"},"geometry":{"type":"LineString","coordinates":[[-98.269,39.8031],[-98.5401,40.0632]]}},{"type":"Feature","properties":{"kind":"network_line","line_id":"81470","bus0":"64359","bus1":"64320","voltage_kv":161,"capacity_mw":221.41,"length_km":7.902346826598522,"state0":"KS","state1":"KS","kansas_internal":true,"crosses_kansas_boundary":false,"representation":"Provisional PyPSA-USA synthetic AC branch"},"geometry":{"type":"LineString","coordinates":[[-94.9076,38.8497],[-94.8771,38.9166]]}},{"type":"Feature","properties":{"kind":"network_line","line_id":"81471","bus0":"64320","bus1":"64362","voltage_kv":161,"capacity_mw":248.27,"length_km":5.2835157103645845,"state0":"KS","state1":"KS","kansas_internal":true,"crosses_kansas_boundary":false,"representation":"Provisional PyPSA-USA synthetic AC branch"},"geometry":{"type":"LineString","coordinates":[[-94.8771,38.9166],[-94.8185,38.9298]]}},{"type":"Feature","properties":{"kind":"network_line","line_id":"81472","bus0":"64320","bus1":"65718","voltage_kv":161,"capacity_mw":269.2,"length_km":14.635148614806935,"state0":"KS","state1":"KS","kansas_internal":true,"crosses_kansas_boundary":false,"representation":"Provisional PyPSA-USA synthetic AC branch"},"geometry":{"type":"LineString","coordinates":[[-94.8771,38.9166],[-94.9651,38.8044]]}},{"type":"Feature","properties":{"kind":"network_line","line_id":"81494","bus0":"64342","bus1":"64460","voltage_kv":161,"capacity_mw":282.57,"length_km":12.31390931127302,"state0":"KS","state1":"KS","kansas_internal":true,"crosses_kansas_boundary":false,"representation":"Provisional PyPSA-USA synthetic AC branch"},"geometry":{"type":"LineString","coordinates":[[-94.7331,39.0315],[-94.8554,38.9749]]}},{"type":"Feature","properties":{"kind":"network_line","line_id":"81495","bus0":"65201","bus1":"64342","voltage_kv":161,"capacity_mw":256.17,"length_km":3.427223356637826,"state0":"KS","state1":"KS","kansas_internal":true,"crosses_kansas_boundary":false,"representation":"Provisional PyPSA-USA synthetic AC branch"},"geometry":{"type":"LineString","coordinates":[[-94.6998,39.0482],[-94.7331,39.0315]]}},{"type":"Feature","properties":{"kind":"network_line","line_id":"81520","bus0":"64396","bus1":"64353","voltage_kv":161,"capacity_mw":241.87,"length_km":2.3590471055664874,"state0":"KS","state1":"KS","kansas_internal":true,"crosses_kansas_boundary":false,"representation":"Provisional PyPSA-USA synthetic AC branch"},"geometry":{"type":"LineString","coordinates":[[-94.6187,39.005],[-94.6251,39.0256]]}},{"type":"Feature","properties":{"kind":"network_line","line_id":"81521","bus0":"64432","bus1":"64353","voltage_kv":161,"capacity_mw":224.59,"length_km":3.747812254901721,"state0":"KS","state1":"KS","kansas_internal":true,"crosses_kansas_boundary":false,"representation":"Provisional PyPSA-USA synthetic AC branch"},"geometry":{"type":"LineString","coordinates":[[-94.6397,39.0573],[-94.6251,39.0256]]}},{"type":"Feature","properties":{"kind":"network_line","line_id":"81531","bus0":"64359","bus1":"64444","voltage_kv":161,"capacity_mw":285.87,"length_km":19.01785099291696,"state0":"KS","state1":"KS","kansas_internal":true,"crosses_kansas_boundary":false,"representation":"Provisional PyPSA-USA synthetic AC branch"},"geometry":{"type":"LineString","coordinates":[[-94.9076,38.8497],[-94.7375,38.9577]]}},{"type":"Feature","properties":{"kind":"network_line","line_id":"81532","bus0":"64359","bus1":"64456","voltage_kv":161,"capacity_mw":278.32,"length_km":19.868291443059594,"state0":"KS","state1":"KS","kansas_internal":true,"crosses_kansas_boundary":false,"representation":"Provisional PyPSA-USA synthetic AC branch"},"geometry":{"type":"LineString","coordinates":[[-94.9076,38.8497],[-94.9179,39.028]]}},{"type":"Feature","properties":{"kind":"network_line","line_id":"81533","bus0":"64359","bus1":"64668","voltage_kv":161,"capacity_mw":324.8,"length_km":22.564534455508706,"state0":"KS","state1":"KS","kansas_internal":true,"crosses_kansas_boundary":false,"representation":"Provisional PyPSA-USA synthetic AC branch"},"geometry":{"type":"LineString","coordinates":[[-94.9076,38.8497],[-94.8669,38.6495]]}},{"type":"Feature","properties":{"kind":"network_line","line_id":"81534","bus0":"65718","bus1":"64359","voltage_kv":161,"capacity_mw":320.57,"length_km":7.091911572143256,"state0":"KS","state1":"KS","kansas_internal":true,"crosses_kansas_boundary":false,"representation":"Provisional PyPSA-USA synthetic AC branch"},"geometry":{"type":"LineString","coordinates":[[-94.9651,38.8044],[-94.9076,38.8497]]}},{"type":"Feature","properties":{"kind":"network_line","line_id":"81535","bus0":"64359","bus1":"65970","voltage_kv":161,"capacity_mw":249.8,"length_km":3.0230958035706257,"state0":"KS","state1":"KS","kansas_internal":true,"crosses_kansas_boundary":false,"representation":"Provisional PyPSA-USA synthetic AC branch"},"geometry":{"type":"LineString","coordinates":[[-94.9076,38.8497],[-94.8744,38.8414]]}},{"type":"Feature","properties":{"kind":"network_line","line_id":"81539","bus0":"64362","bus1":"64370","voltage_kv":161,"capacity_mw":266.65,"length_km":6.582627871105693,"state0":"KS","state1":"KS","kansas_internal":true,"crosses_kansas_boundary":false,"representation":"Provisional PyPSA-USA synthetic AC branch"},"geometry":{"type":"LineString","coordinates":[[-94.8185,38.9298],[-94.7662,38.8869]]}},{"type":"Feature","properties":{"kind":"network_line","line_id":"81540","bus0":"64362","bus1":"64460","voltage_kv":161,"capacity_mw":303.86,"length_km":5.950617321809758,"state0":"KS","state1":"KS","kansas_internal":true,"crosses_kansas_boundary":false,"representation":"Provisional PyPSA-USA synthetic AC branch"},"geometry":{"type":"LineString","coordinates":[[-94.8185,38.9298],[-94.8554,38.9749]]}},{"type":"Feature","properties":{"kind":"network_line","line_id":"81541","bus0":"64362","bus1":"65718","voltage_kv":161,"capacity_mw":295.36,"length_km":18.876395922325344,"state0":"KS","state1":"KS","kansas_internal":true,"crosses_kansas_boundary":false,"representation":"Provisional PyPSA-USA synthetic AC branch"},"geometry":{"type":"LineString","coordinates":[[-94.8185,38.9298],[-94.9651,38.8044]]}},{"type":"Feature","properties":{"kind":"network_line","line_id":"81545","bus0":"64365","bus1":"65970","voltage_kv":161,"capacity_mw":256.66,"length_km":11.57835081385614,"state0":"KS","state1":"KS","kansas_internal":true,"crosses_kansas_boundary":false,"representation":"Provisional PyPSA-USA synthetic AC branch"},"geometry":{"type":"LineString","coordinates":[[-94.9355,38.9339],[-94.8744,38.8414]]}},{"type":"Feature","properties":{"kind":"network_line","line_id":"81547","bus0":"64370","bus1":"64369","voltage_kv":161,"capacity_mw":240.39,"length_km":4.9872310827465,"state0":"KS","state1":"KS","kansas_internal":true,"crosses_kansas_boundary":false,"representation":"Provisional PyPSA-USA synthetic AC branch"},"geometry":{"type":"LineString","coordinates":[[-94.7662,38.8869],[-94.7092,38.8807]]}},{"type":"Feature","properties":{"kind":"network_line","line_id":"81548","bus0":"64369","bus1":"64404","voltage_kv":161,"capacity_mw":244.22,"length_km":9.624195099088737,"state0":"KS","state1":"KS","kansas_internal":true,"crosses_kansas_boundary":false,"representation":"Provisional PyPSA-USA synthetic AC branch"},"geometry":{"type":"LineString","coordinates":[[-94.7092,38.8807],[-94.6327,38.9434]]}},{"type":"Feature","properties":{"kind":"network_line","line_id":"81549","bus0":"64369","bus1":"64425","voltage_kv":161,"capacity_mw":262.81,"length_km":6.112221706818133,"state0":"KS","state1":"KS","kansas_internal":true,"crosses_kansas_boundary":false,"representation":"Provisional PyPSA-USA synthetic AC branch"},"geometry":{"type":"LineString","coordinates":[[-94.7092,38.8807],[-94.7048,38.8259]]}},{"type":"Feature","properties":{"kind":"network_line","line_id":"81552","bus0":"64386","bus1":"64370","voltage_kv":161,"capacity_mw":268.19,"length_km":5.115766991674252,"state0":"KS","state1":"KS","kansas_internal":true,"crosses_kansas_boundary":false,"representation":"Provisional PyPSA-USA synthetic AC branch"},"geometry":{"type":"LineString","coordinates":[[-94.7819,38.8426],[-94.7662,38.8869]]}},{"type":"Feature","properties":{"kind":"network_line","line_id":"81564","bus0":"64386","bus1":"64377","voltage_kv":161,"capacity_mw":300.51,"length_km":15.234314922367444,"state0":"KS","state1":"KS","kansas_internal":true,"crosses_kansas_boundary":false,"representation":"Provisional PyPSA-USA synthetic AC branch"},"geometry":{"type":"LineString","coordinates":[[-94.7819,38.8426],[-94.7539,38.7075]]}},{"type":"Feature","properties":{"kind":"network_line","line_id":"81565","bus0":"64377","bus1":"64401","voltage_kv":161,"capacity_mw":299.96,"length_km":14.517937571374713,"state0":"KS","state1":"KS","kansas_internal":true,"crosses_kansas_boundary":false,"representation":"Provisional PyPSA-USA synthetic AC branch"},"geometry":{"type":"LineString","coordinates":[[-94.7539,38.7075],[-94.6196,38.7852]]}},{"type":"Feature","properties":{"kind":"network_line","line_id":"81566","bus0":"64425","bus1":"64377","voltage_kv":161,"capacity_mw":292.12,"length_km":13.852088042695991,"state0":"KS","state1":"KS","kansas_internal":true,"crosses_kansas_boundary":false,"representation":"Provisional PyPSA-USA synthetic AC branch"},"geometry":{"type":"LineString","coordinates":[[-94.7048,38.8259],[-94.7539,38.7075]]}},{"type":"Feature","properties":{"kind":"network_line","line_id":"81567","bus0":"64377","bus1":"65867","voltage_kv":161,"capacity_mw":299.95,"length_km":21.25462399873078,"state0":"KS","state1":"KS","kansas_internal":true,"crosses_kansas_boundary":false,"representation":"Provisional PyPSA-USA synthetic AC branch"},"geometry":{"type":"LineString","coordinates":[[-94.7539,38.7075],[-94.9105,38.5609]]}},{"type":"Feature","properties":{"kind":"network_line","line_id":"81569","bus0":"65717","bus1":"64380","voltage_kv":500,"capacity_mw":2352.74,"length_km":21.271919321967392,"state0":"KS","state1":"KS","kansas_internal":true,"crosses_kansas_boundary":false,"representation":"Provisional PyPSA-USA synthetic AC branch"},"geometry":{"type":"LineString","coordinates":[[-94.9651,38.8044],[-94.7539,38.7075]]}},{"type":"Feature","properties":{"kind":"network_line","line_id":"81570","bus0":"65870","bus1":"64380","voltage_kv":500,"capacity_mw":2973.25,"length_km":21.25462399873078,"state0":"KS","state1":"KS","kansas_internal":true,"crosses_kansas_boundary":false,"representation":"Provisional PyPSA-USA synthetic AC branch"},"geometry":{"type":"LineString","coordinates":[[-94.9105,38.5609],[-94.7539,38.7075]]}},{"type":"Feature","properties":{"kind":"network_line","line_id":"81577","bus0":"65970","bus1":"64386","voltage_kv":161,"capacity_mw":245.46,"length_km":8.021264465523917,"state0":"KS","state1":"KS","kansas_internal":true,"crosses_kansas_boundary":false,"representation":"Provisional PyPSA-USA synthetic AC branch"},"geometry":{"type":"LineString","coordinates":[[-94.8744,38.8414],[-94.7819,38.8426]]}},{"type":"Feature","properties":{"kind":"network_line","line_id":"81590","bus0":"64397","bus1":"64429","voltage_kv":161,"capacity_mw":237.06,"length_km":4.550574951210112,"state0":"KS","state1":"KS","kansas_internal":true,"crosses_kansas_boundary":false,"representation":"Provisional PyPSA-USA synthetic AC branch"},"geometry":{"type":"LineString","coordinates":[[-94.7009,38.9512],[-94.6631,38.9228]]}},{"type":"Feature","properties":{"kind":"network_line","line_id":"81594","bus0":"64401","bus1":"64419","voltage_kv":161,"capacity_mw":277.45,"length_km":11.362431408194855,"state0":"KS","state1":"KS","kansas_internal":true,"crosses_kansas_boundary":false,"representation":"Provisional PyPSA-USA synthetic AC branch"},"geometry":{"type":"LineString","coordinates":[[-94.6196,38.7852],[-94.6439,38.8855]]}},{"type":"Feature","properties":{"kind":"network_line","line_id":"81596","bus0":"64429","bus1":"64404","voltage_kv":161,"capacity_mw":275.63,"length_km":3.491187665867195,"state0":"KS","state1":"KS","kansas_internal":true,"crosses_kansas_boundary":false,"representation":"Provisional PyPSA-USA synthetic AC branch"},"geometry":{"type":"LineString","coordinates":[[-94.6631,38.9228],[-94.6327,38.9434]]}},{"type":"Feature","properties":{"kind":"network_line","line_id":"81620","bus0":"64432","bus1":"65783","voltage_kv":161,"capacity_mw":269.81,"length_km":2.358781065901953,"state0":"KS","state1":"KS","kansas_internal":true,"crosses_kansas_boundary":false,"representation":"Provisional PyPSA-USA synthetic AC branch"},"geometry":{"type":"LineString","coordinates":[[-94.6397,39.0573],[-94.6198,39.0718]]}},{"type":"Feature","properties":{"kind":"network_line","line_id":"81636","bus0":"65189","bus1":"64446","voltage_kv":161,"capacity_mw":282.23,"length_km":5.652275821790977,"state0":"KS","state1":"KS","kansas_internal":true,"crosses_kansas_boundary":false,"representation":"Provisional PyPSA-USA synthetic AC branch"},"geometry":{"type":"LineString","coordinates":[[-94.6902,39.1283],[-94.7288,39.0873]]}},{"type":"Feature","properties":{"kind":"network_line","line_id":"81648","bus0":"64545","bus1":"64456","voltage_kv":161,"capacity_mw":265.26,"length_km":12.514871007137945,"state0":"KS","state1":"KS","kansas_internal":true,"crosses_kansas_boundary":false,"representation":"Provisional PyPSA-USA synthetic AC branch"},"geometry":{"type":"LineString","coordinates":[[-94.7883,39.0781],[-94.9179,39.028]]}},{"type":"Feature","properties":{"kind":"network_line","line_id":"81651","bus0":"64457","bus1":"65717","voltage_kv":500,"capacity_mw":3055.81,"length_km":21.227010957758534,"state0":"KS","state1":"KS","kansas_internal":true,"crosses_kansas_boundary":false,"representation":"Provisional PyPSA-USA synthetic AC branch"},"geometry":{"type":"LineString","coordinates":[[-94.8554,38.9749],[-94.9651,38.8044]]}},{"type":"Feature","properties":{"kind":"network_line","line_id":"81655","bus0":"64460","bus1":"64529","voltage_kv":161,"capacity_mw":259.62,"length_km":13.69582688048313,"state0":"KS","state1":"KS","kansas_internal":true,"crosses_kansas_boundary":false,"representation":"Provisional PyPSA-USA synthetic AC branch"},"geometry":{"type":"LineString","coordinates":[[-94.8554,38.9749],[-94.9944,39.0338]]}},{"type":"Feature","properties":{"kind":"network_line","line_id":"81668","bus0":"64479","bus1":"64474","voltage_kv":161,"capacity_mw":248.34,"length_km":17.78055973436682,"state0":"KS","state1":"KS","kansas_internal":true,"crosses_kansas_boundary":false,"representation":"Provisional PyPSA-USA synthetic AC branch"},"geometry":{"type":"LineString","coordinates":[[-97.8204,37.5508],[-97.8443,37.7094]]}},{"type":"Feature","properties":{"kind":"network_line","line_id":"81674","bus0":"64884","bus1":"64479","voltage_kv":161,"capacity_mw":267.38,"length_km":20.952201482996298,"state0":"KS","state1":"KS","kansas_internal":true,"crosses_kansas_boundary":false,"representation":"Provisional PyPSA-USA synthetic AC branch"},"geometry":{"type":"LineString","coordinates":[[-97.6984,37.3894],[-97.8204,37.5508]]}},{"type":"Feature","properties":{"kind":"network_line","line_id":"81683","bus0":"64485","bus1":"65607","voltage_kv":161,"capacity_mw":303,"length_km":36.34261272553644,"state0":"KS","state1":"KS","kansas_internal":true,"crosses_kansas_boundary":false,"representation":"Provisional PyPSA-USA synthetic AC branch"},"geometry":{"type":"LineString","coordinates":[[-98.4161,37.7178],[-98.2615,37.4152]]}},{"type":"Feature","properties":{"kind":"network_line","line_id":"81684","bus0":"65626","bus1":"64485","voltage_kv":161,"capacity_mw":296.71,"length_km":32.97957509541981,"state0":"KS","state1":"KS","kansas_internal":true,"crosses_kansas_boundary":false,"representation":"Provisional PyPSA-USA synthetic AC branch"},"geometry":{"type":"LineString","coordinates":[[-98.6158,37.9686],[-98.4161,37.7178]]}},{"type":"Feature","properties":{"kind":"network_line","line_id":"81692","bus0":"64490","bus1":"64817","voltage_kv":161,"capacity_mw":239.01,"length_km":23.656168284845474,"state0":"KS","state1":"KS","kansas_internal":true,"crosses_kansas_boundary":false,"representation":"Provisional PyPSA-USA synthetic AC branch"},"geometry":{"type":"LineString","coordinates":[[-98.0566,37.7083],[-97.9095,37.8862]]}},{"type":"Feature","properties":{"kind":"network_line","line_id":"81693","bus0":"65721","bus1":"64490","voltage_kv":161,"capacity_mw":266.28,"length_km":33.049648191862616,"state0":"KS","state1":"KS","kansas_internal":true,"crosses_kansas_boundary":false,"representation":"Provisional PyPSA-USA synthetic AC branch"},"geometry":{"type":"LineString","coordinates":[[-98.0901,37.4126],[-98.0566,37.7083]]}},{"type":"Feature","properties":{"kind":"network_line","line_id":"81699","bus0":"64504","bus1":"64497","voltage_kv":161,"capacity_mw":282.61,"length_km":28.327071684491045,"state0":"OK","state1":"KS","kansas_internal":false,"crosses_kansas_boundary":true,"representation":"Provisional PyPSA-USA synthetic AC branch"},"geometry":{"type":"LineString","coordinates":[[-95.5782,36.9977],[-95.2888,37.1045]]}},{"type":"Feature","properties":{"kind":"network_line","line_id":"81700","bus0":"64497","bus1":"64519","voltage_kv":161,"capacity_mw":255.41,"length_km":23.357906769061046,"state0":"KS","state1":"KS","kansas_internal":true,"crosses_kansas_boundary":false,"representation":"Provisional PyPSA-USA synthetic AC branch"},"geometry":{"type":"LineString","coordinates":[[-95.2888,37.1045],[-95.1909,37.2993]]}},{"type":"Feature","properties":{"kind":"network_line","line_id":"81714","bus0":"64504","bus1":"65776","voltage_kv":161,"capacity_mw":298.34,"length_km":7.319377599479403,"state0":"OK","state1":"KS","kansas_internal":false,"crosses_kansas_boundary":true,"representation":"Provisional PyPSA-USA synthetic AC branch"},"geometry":{"type":"LineString","coordinates":[[-95.5782,36.9977],[-95.5867,37.0631]]}},{"type":"Feature","properties":{"kind":"network_line","line_id":"81721","bus0":"64511","bus1":"64516","voltage_kv":161,"capacity_mw":283.99,"length_km":8.524273456026295,"state0":"KS","state1":"KS","kansas_internal":true,"crosses_kansas_boundary":false,"representation":"Provisional PyPSA-USA synthetic AC branch"},"geometry":{"type":"LineString","coordinates":[[-95.2833,37.3559],[-95.3796,37.358]]}},{"type":"Feature","properties":{"kind":"network_line","line_id":"81722","bus0":"64519","bus1":"64511","voltage_kv":161,"capacity_mw":300.29,"length_km":10.324605202180935,"state0":"KS","state1":"KS","kansas_internal":true,"crosses_kansas_boundary":false,"representation":"Provisional PyPSA-USA synthetic AC branch"},"geometry":{"type":"LineString","coordinates":[[-95.1909,37.2993],[-95.2833,37.3559]]}},{"type":"Feature","properties":{"kind":"network_line","line_id":"81726","bus0":"65478","bus1":"64516","voltage_kv":161,"capacity_mw":277.58,"length_km":28.876396964680154,"state0":"KS","state1":"KS","kansas_internal":true,"crosses_kansas_boundary":false,"representation":"Provisional PyPSA-USA synthetic AC branch"},"geometry":{"type":"LineString","coordinates":[[-95.2412,37.593],[-95.3796,37.358]]}},{"type":"Feature","properties":{"kind":"network_line","line_id":"81728","bus0":"65257","bus1":"64517","voltage_kv":500,"capacity_mw":2927.59,"length_km":51.29525881926507,"state0":"KS","state1":"KS","kansas_internal":true,"crosses_kansas_boundary":false,"representation":"Provisional PyPSA-USA synthetic AC branch"},"geometry":{"type":"LineString","coordinates":[[-95.5034,37.6877],[-95.1909,37.2993]]}},{"type":"Feature","properties":{"kind":"network_line","line_id":"81729","bus0":"64517","bus1":"65777","voltage_kv":500,"capacity_mw":3366.65,"length_km":43.85937201638303,"state0":"KS","state1":"KS","kansas_internal":true,"crosses_kansas_boundary":false,"representation":"Provisional PyPSA-USA synthetic AC branch"},"geometry":{"type":"LineString","coordinates":[[-95.1909,37.2993],[-95.5867,37.0631]]}},{"type":"Feature","properties":{"kind":"network_line","line_id":"81751","bus0":"65226","bus1":"64541","voltage_kv":161,"capacity_mw":254.96,"length_km":6.6255867820945555,"state0":"KS","state1":"KS","kansas_internal":true,"crosses_kansas_boundary":false,"representation":"Provisional PyPSA-USA synthetic AC branch"},"geometry":{"type":"LineString","coordinates":[[-94.758,39.1427],[-94.8129,39.1843]]}},{"type":"Feature","properties":{"kind":"network_line","line_id":"81759","bus0":"64550","bus1":"65700","voltage_kv":500,"capacity_mw":3004.54,"length_km":31.388937658805457,"state0":"KS","state1":"KS","kansas_internal":true,"crosses_kansas_boundary":false,"representation":"Provisional PyPSA-USA synthetic AC branch"},"geometry":{"type":"LineString","coordinates":[[-94.9472,39.1645],[-95.2729,39.0395]]}},{"type":"Feature","properties":{"kind":"network_line","line_id":"81763","bus0":"64553","bus1":"64556","voltage_kv":161,"capacity_mw":270.76,"length_km":8.350825350582436,"state0":"KS","state1":"KS","kansas_internal":true,"crosses_kansas_boundary":false,"representation":"Provisional PyPSA-USA synthetic AC branch"},"geometry":{"type":"LineString","coordinates":[[-94.9472,39.1645],[-95.0355,39.1952]]}},{"type":"Feature","properties":{"kind":"network_line","line_id":"81764","bus0":"64553","bus1":"65226","voltage_kv":161,"capacity_mw":290.96,"length_km":16.511686836844707,"state0":"KS","state1":"KS","kansas_internal":true,"crosses_kansas_boundary":false,"representation":"Provisional PyPSA-USA synthetic AC branch"},"geometry":{"type":"LineString","coordinates":[[-94.9472,39.1645],[-94.758,39.1427]]}},{"type":"Feature","properties":{"kind":"network_line","line_id":"81788","bus0":"64664","bus1":"64578","voltage_kv":161,"capacity_mw":320.33,"length_km":39.193184123651086,"state0":"KS","state1":"KS","kansas_internal":true,"crosses_kansas_boundary":false,"representation":"Provisional PyPSA-USA synthetic AC branch"},"geometry":{"type":"LineString","coordinates":[[-94.7176,38.5271],[-94.896,38.204]]}},{"type":"Feature","properties":{"kind":"network_line","line_id":"81800","bus0":"65512","bus1":"64589","voltage_kv":161,"capacity_mw":287.59,"length_km":20.413940198677164,"state0":"KS","state1":"KS","kansas_internal":true,"crosses_kansas_boundary":false,"representation":"Provisional PyPSA-USA synthetic AC branch"},"geometry":{"type":"LineString","coordinates":[[-101.166,38.5214],[-101.369,38.4299]]}},{"type":"Feature","properties":{"kind":"network_line","line_id":"81812","bus0":"64600","bus1":"65109","voltage_kv":161,"capacity_mw":215.85,"length_km":34.80318277544844,"state0":"KS","state1":"KS","kansas_internal":true,"crosses_kansas_boundary":false,"representation":"Provisional PyPSA-USA synthetic AC branch"},"geometry":{"type":"LineString","coordinates":[[-95.9442,38.7405],[-95.8565,39.0456]]}},{"type":"Feature","properties":{"kind":"network_line","line_id":"81816","bus0":"65311","bus1":"64603","voltage_kv":161,"capacity_mw":300.53,"length_km":12.352554471794834,"state0":"KS","state1":"KS","kansas_internal":true,"crosses_kansas_boundary":false,"representation":"Provisional PyPSA-USA synthetic AC branch"},"geometry":{"type":"LineString","coordinates":[[-95.8132,38.6401],[-95.7174,38.5582]]}},{"type":"Feature","properties":{"kind":"network_line","line_id":"81817","bus0":"65481","bus1":"64603","voltage_kv":161,"capacity_mw":332.18,"length_km":31.62010329782092,"state0":"KS","state1":"KS","kansas_internal":true,"crosses_kansas_boundary":false,"representation":"Provisional PyPSA-USA synthetic AC branch"},"geometry":{"type":"LineString","coordinates":[[-95.6796,38.2757],[-95.7174,38.5582]]}},{"type":"Feature","properties":{"kind":"network_line","line_id":"81818","bus0":"65648","bus1":"64603","voltage_kv":161,"capacity_mw":301.36,"length_km":32.91357654959001,"state0":"KS","state1":"KS","kansas_internal":true,"crosses_kansas_boundary":false,"representation":"Provisional PyPSA-USA synthetic AC branch"},"geometry":{"type":"LineString","coordinates":[[-96.0499,38.4179],[-95.7174,38.5582]]}},{"type":"Feature","properties":{"kind":"network_line","line_id":"81830","bus0":"64613","bus1":"64634","voltage_kv":161,"capacity_mw":296,"length_km":21.167763638581544,"state0":"KS","state1":"KS","kansas_internal":true,"crosses_kansas_boundary":false,"representation":"Provisional PyPSA-USA synthetic AC branch"},"geometry":{"type":"LineString","coordinates":[[-97.2425,38.3981],[-97.4844,38.4131]]}},{"type":"Feature","properties":{"kind":"network_line","line_id":"81835","bus0":"67176","bus1":"64618","voltage_kv":161,"capacity_mw":235.15,"length_km":19.16236345506825,"state0":"NE","state1":"KS","kansas_internal":false,"crosses_kansas_boundary":true,"representation":"Provisional PyPSA-USA synthetic AC branch"},"geometry":{"type":"LineString","coordinates":[[-96.1927,40.0451],[-96.3063,39.8966]]}},{"type":"Feature","properties":{"kind":"network_line","line_id":"81840","bus0":"64621","bus1":"65294","voltage_kv":161,"capacity_mw":230.01,"length_km":32.6532925398701,"state0":"KS","state1":"KS","kansas_internal":true,"crosses_kansas_boundary":false,"representation":"Provisional PyPSA-USA synthetic AC branch"},"geometry":{"type":"LineString","coordinates":[[-96.696,39.6966],[-97.0537,39.7986]]}},{"type":"Feature","properties":{"kind":"network_line","line_id":"81841","bus0":"64621","bus1":"67569","voltage_kv":161,"capacity_mw":269.87,"length_km":85.72472433515762,"state0":"KS","state1":"NE","kansas_internal":false,"crosses_kansas_boundary":true,"representation":"Provisional PyPSA-USA synthetic AC branch"},"geometry":{"type":"LineString","coordinates":[[-96.696,39.6966],[-96.2114,40.3714]]}},{"type":"Feature","properties":{"kind":"network_line","line_id":"81854","bus0":"64631","bus1":"64860","voltage_kv":161,"capacity_mw":247.6,"length_km":68.59749693842703,"state0":"KS","state1":"KS","kansas_internal":true,"crosses_kansas_boundary":false,"representation":"Provisional PyPSA-USA synthetic AC branch"},"geometry":{"type":"LineString","coordinates":[[-96.673,39.8877],[-96.7642,39.2755]]}},{"type":"Feature","properties":{"kind":"network_line","line_id":"81855","bus0":"64631","bus1":"65294","voltage_kv":161,"capacity_mw":196.63,"length_km":34.01699347973669,"state0":"KS","state1":"KS","kansas_internal":true,"crosses_kansas_boundary":false,"representation":"Provisional PyPSA-USA synthetic AC branch"},"geometry":{"type":"LineString","coordinates":[[-96.673,39.8877],[-97.0537,39.7986]]}},{"type":"Feature","properties":{"kind":"network_line","line_id":"81856","bus0":"64631","bus1":"65450","voltage_kv":161,"capacity_mw":260.28,"length_km":62.44725977369732,"state0":"KS","state1":"KS","kansas_internal":true,"crosses_kansas_boundary":false,"representation":"Provisional PyPSA-USA synthetic AC branch"},"geometry":{"type":"LineString","coordinates":[[-96.673,39.8877],[-97.294,39.5933]]}},{"type":"Feature","properties":{"kind":"network_line","line_id":"81857","bus0":"64631","bus1":"67176","voltage_kv":161,"capacity_mw":257.01,"length_km":44.566839751172786,"state0":"KS","state1":"NE","kansas_internal":false,"crosses_kansas_boundary":true,"representation":"Provisional PyPSA-USA synthetic AC branch"},"geometry":{"type":"LineString","coordinates":[[-96.673,39.8877],[-96.1927,40.0451]]}},{"type":"Feature","properties":{"kind":"network_line","line_id":"81860","bus0":"64634","bus1":"65917","voltage_kv":161,"capacity_mw":296.87,"length_km":12.476470850152145,"state0":"KS","state1":"KS","kansas_internal":true,"crosses_kansas_boundary":false,"representation":"Provisional PyPSA-USA synthetic AC branch"},"geometry":{"type":"LineString","coordinates":[[-97.4844,38.4131],[-97.6232,38.3861]]}},{"type":"Feature","properties":{"kind":"network_line","line_id":"81868","bus0":"64640","bus1":"64828","voltage_kv":161,"capacity_mw":273.47,"length_km":19.30481564797022,"state0":"KS","state1":"KS","kansas_internal":true,"crosses_kansas_boundary":false,"representation":"Provisional PyPSA-USA synthetic AC branch"},"geometry":{"type":"LineString","coordinates":[[-97.8018,38.223],[-97.9192,38.0762]]}},{"type":"Feature","properties":{"kind":"network_line","line_id":"81874","bus0":"64764","bus1":"64644","voltage_kv":161,"capacity_mw":307.27,"length_km":25.244707854559138,"state0":"KS","state1":"KS","kansas_internal":true,"crosses_kansas_boundary":false,"representation":"Provisional PyPSA-USA synthetic AC branch"},"geometry":{"type":"LineString","coordinates":[[-97.5823,38.8184],[-97.677,38.604]]}},{"type":"Feature","properties":{"kind":"network_line","line_id":"81875","bus0":"65532","bus1":"64644","voltage_kv":161,"capacity_mw":315.33,"length_km":24.371159212369605,"state0":"KS","state1":"KS","kansas_internal":true,"crosses_kansas_boundary":false,"representation":"Provisional PyPSA-USA synthetic AC branch"},"geometry":{"type":"LineString","coordinates":[[-97.7041,38.3861],[-97.677,38.604]]}},{"type":"Feature","properties":{"kind":"network_line","line_id":"81880","bus0":"65973","bus1":"64647","voltage_kv":161,"capacity_mw":260.32,"length_km":10.13788883877175,"state0":"KS","state1":"KS","kansas_internal":true,"crosses_kansas_boundary":false,"representation":"Provisional PyPSA-USA synthetic AC branch"},"geometry":{"type":"LineString","coordinates":[[-97.7074,38.3428],[-97.7643,38.4222]]}},{"type":"Feature","properties":{"kind":"network_line","line_id":"81897","bus0":"64661","bus1":"64664","voltage_kv":161,"capacity_mw":297.23,"length_km":12.001119907608691,"state0":"KS","state1":"KS","kansas_internal":true,"crosses_kansas_boundary":false,"representation":"Provisional PyPSA-USA synthetic AC branch"},"geometry":{"type":"LineString","coordinates":[[-94.6832,38.6315],[-94.7176,38.5271]]}},{"type":"Feature","properties":{"kind":"network_line","line_id":"81900","bus0":"64668","bus1":"64664","voltage_kv":161,"capacity_mw":285.11,"length_km":18.826043996096693,"state0":"KS","state1":"KS","kansas_internal":true,"crosses_kansas_boundary":false,"representation":"Provisional PyPSA-USA synthetic AC branch"},"geometry":{"type":"LineString","coordinates":[[-94.8669,38.6495],[-94.7176,38.5271]]}},{"type":"Feature","properties":{"kind":"network_line","line_id":"81901","bus0":"64664","bus1":"65844","voltage_kv":161,"capacity_mw":283.52,"length_km":17.557356596196342,"state0":"KS","state1":"KS","kansas_internal":true,"crosses_kansas_boundary":false,"representation":"Provisional PyPSA-USA synthetic AC branch"},"geometry":{"type":"LineString","coordinates":[[-94.7176,38.5271],[-94.6523,38.3779]]}},{"type":"Feature","properties":{"kind":"network_line","line_id":"81905","bus0":"64668","bus1":"65867","voltage_kv":161,"capacity_mw":277.17,"length_km":10.567057108643878,"state0":"KS","state1":"KS","kansas_internal":true,"crosses_kansas_boundary":false,"representation":"Provisional PyPSA-USA synthetic AC branch"},"geometry":{"type":"LineString","coordinates":[[-94.8669,38.6495],[-94.9105,38.5609]]}},{"type":"Feature","properties":{"kind":"network_line","line_id":"81911","bus0":"64676","bus1":"64671","voltage_kv":161,"capacity_mw":273.96,"length_km":26.78500823015478,"state0":"KS","state1":"KS","kansas_internal":true,"crosses_kansas_boundary":false,"representation":"Provisional PyPSA-USA synthetic AC branch"},"geometry":{"type":"LineString","coordinates":[[-95.6528,37.2008],[-95.8629,37.0281]]}},{"type":"Feature","properties":{"kind":"network_line","line_id":"81915","bus0":"64678","bus1":"64676","voltage_kv":161,"capacity_mw":256.83,"length_km":10.028484239565007,"state0":"KS","state1":"KS","kansas_internal":true,"crosses_kansas_boundary":false,"representation":"Provisional PyPSA-USA synthetic AC branch"},"geometry":{"type":"LineString","coordinates":[[-95.7585,37.2329],[-95.6528,37.2008]]}},{"type":"Feature","properties":{"kind":"network_line","line_id":"81916","bus0":"64676","bus1":"64682","voltage_kv":161,"capacity_mw":275.45,"length_km":24.78477752111647,"state0":"KS","state1":"KS","kansas_internal":true,"crosses_kansas_boundary":false,"representation":"Provisional PyPSA-USA synthetic AC branch"},"geometry":{"type":"LineString","coordinates":[[-95.6528,37.2008],[-95.6315,37.4228]]}},{"type":"Feature","properties":{"kind":"network_line","line_id":"81917","bus0":"64676","bus1":"65776","voltage_kv":161,"capacity_mw":272.61,"length_km":16.412876906519124,"state0":"KS","state1":"KS","kansas_internal":true,"crosses_kansas_boundary":false,"representation":"Provisional PyPSA-USA synthetic AC branch"},"geometry":{"type":"LineString","coordinates":[[-95.6528,37.2008],[-95.5867,37.0631]]}},{"type":"Feature","properties":{"kind":"network_line","line_id":"81927","bus0":"65725","bus1":"64686","voltage_kv":161,"capacity_mw":225.39,"length_km":62.31249014363202,"state0":"KS","state1":"KS","kansas_internal":true,"crosses_kansas_boundary":false,"representation":"Provisional PyPSA-USA synthetic AC branch"},"geometry":{"type":"LineString","coordinates":[[-101.64,37.558],[-101.942,37.0524]]}},{"type":"Feature","properties":{"kind":"network_line","line_id":"81937","bus0":"64695","bus1":"65464","voltage_kv":161,"capacity_mw":246.74,"length_km":27.893948665432394,"state0":"KS","state1":"KS","kansas_internal":true,"crosses_kansas_boundary":false,"representation":"Provisional PyPSA-USA synthetic AC branch"},"geometry":{"type":"LineString","coordinates":[[-96.219,39.5087],[-96.1622,39.262]]}},{"type":"Feature","properties":{"kind":"network_line","line_id":"81948","bus0":"64705","bus1":"66732","voltage_kv":161,"capacity_mw":209.21,"length_km":73.7721765145249,"state0":"KS","state1":"NE","kansas_internal":false,"crosses_kansas_boundary":true,"representation":"Provisional PyPSA-USA synthetic AC branch"},"geometry":{"type":"LineString","coordinates":[[-96.0657,39.8412],[-96.7511,40.246]]}},{"type":"Feature","properties":{"kind":"network_line","line_id":"81971","bus0":"64724","bus1":"64777","voltage_kv":161,"capacity_mw":240,"length_km":50.89502774797781,"state0":"KS","state1":"KS","kansas_internal":true,"crosses_kansas_boundary":false,"representation":"Provisional PyPSA-USA synthetic AC branch"},"geometry":{"type":"LineString","coordinates":[[-99.9148,39.7911],[-99.3281,39.7164]]}},{"type":"Feature","properties":{"kind":"network_line","line_id":"81977","bus0":"64730","bus1":"65072","voltage_kv":161,"capacity_mw":289.6,"length_km":23.735043124988906,"state0":"KS","state1":"KS","kansas_internal":true,"crosses_kansas_boundary":false,"representation":"Provisional PyPSA-USA synthetic AC branch"},"geometry":{"type":"LineString","coordinates":[[-95.7352,38.7778],[-95.7026,38.9895]]}},{"type":"Feature","properties":{"kind":"network_line","line_id":"81978","bus0":"64730","bus1":"65311","voltage_kv":161,"capacity_mw":300.74,"length_km":16.759388276671437,"state0":"KS","state1":"KS","kansas_internal":true,"crosses_kansas_boundary":false,"representation":"Provisional PyPSA-USA synthetic AC branch"},"geometry":{"type":"LineString","coordinates":[[-95.7352,38.7778],[-95.8132,38.6401]]}},{"type":"Feature","properties":{"kind":"network_line","line_id":"81990","bus0":"64740","bus1":"64748","voltage_kv":161,"capacity_mw":252.73,"length_km":26.81531996355006,"state0":"KS","state1":"KS","kansas_internal":true,"crosses_kansas_boundary":false,"representation":"Provisional PyPSA-USA synthetic AC branch"},"geometry":{"type":"LineString","coordinates":[[-98.9947,39.4795],[-98.7266,39.3565]]}},{"type":"Feature","properties":{"kind":"network_line","line_id":"81991","bus0":"64740","bus1":"65138","voltage_kv":161,"capacity_mw":242.68,"length_km":39.92691424547424,"state0":"KS","state1":"KS","kansas_internal":true,"crosses_kansas_boundary":false,"representation":"Provisional PyPSA-USA synthetic AC branch"},"geometry":{"type":"LineString","coordinates":[[-98.9947,39.4795],[-98.8246,39.8134]]}},{"type":"Feature","properties":{"kind":"network_line","line_id":"81993","bus0":"64748","bus1":"64741","voltage_kv":161,"capacity_mw":238.71,"length_km":23.53009354123053,"state0":"KS","state1":"KS","kansas_internal":true,"crosses_kansas_boundary":false,"representation":"Provisional PyPSA-USA synthetic AC branch"},"geometry":{"type":"LineString","coordinates":[[-98.7266,39.3565],[-98.5028,39.4781]]}},{"type":"Feature","properties":{"kind":"network_line","line_id":"81994","bus0":"64741","bus1":"65834","voltage_kv":161,"capacity_mw":243.82,"length_km":32.901918024063285,"state0":"KS","state1":"KS","kansas_internal":true,"crosses_kansas_boundary":false,"representation":"Provisional PyPSA-USA synthetic AC branch"},"geometry":{"type":"LineString","coordinates":[[-98.5028,39.4781],[-98.1212,39.4542]]}},{"type":"Feature","properties":{"kind":"network_line","line_id":"82008","bus0":"64755","bus1":"64762","voltage_kv":161,"capacity_mw":332.19,"length_km":5.076435209532701,"state0":"KS","state1":"KS","kansas_internal":true,"crosses_kansas_boundary":false,"representation":"Provisional PyPSA-USA synthetic AC branch"},"geometry":{"type":"LineString","coordinates":[[-97.6471,38.8832],[-97.6477,38.8376]]}},{"type":"Feature","properties":{"kind":"network_line","line_id":"82009","bus0":"64755","bus1":"64764","voltage_kv":161,"capacity_mw":282.77,"length_km":9.142958791506592,"state0":"KS","state1":"KS","kansas_internal":true,"crosses_kansas_boundary":false,"representation":"Provisional PyPSA-USA synthetic AC branch"},"geometry":{"type":"LineString","coordinates":[[-97.6471,38.8832],[-97.5823,38.8184]]}},{"type":"Feature","properties":{"kind":"network_line","line_id":"82010","bus0":"64755","bus1":"65398","voltage_kv":161,"capacity_mw":337.06,"length_km":27.659690016188378,"state0":"KS","state1":"KS","kansas_internal":true,"crosses_kansas_boundary":false,"representation":"Provisional PyPSA-USA synthetic AC branch"},"geometry":{"type":"LineString","coordinates":[[-97.6471,38.8832],[-97.6883,39.1296]]}},{"type":"Feature","properties":{"kind":"network_line","line_id":"82014","bus0":"64757","bus1":"65932","voltage_kv":500,"capacity_mw":2915.61,"length_km":58.52207055044584,"state0":"KS","state1":"KS","kansas_internal":true,"crosses_kansas_boundary":false,"representation":"Provisional PyPSA-USA synthetic AC branch"},"geometry":{"type":"LineString","coordinates":[[-97.6477,38.8376],[-98.3225,38.8294]]}},{"type":"Feature","properties":{"kind":"network_line","line_id":"82015","bus0":"65975","bus1":"64757","voltage_kv":500,"capacity_mw":3078.88,"length_km":55.3252772900056,"state0":"KS","state1":"KS","kansas_internal":true,"crosses_kansas_boundary":false,"representation":"Provisional PyPSA-USA synthetic AC branch"},"geometry":{"type":"LineString","coordinates":[[-97.7074,38.3428],[-97.6477,38.8376]]}},{"type":"Feature","properties":{"kind":"network_line","line_id":"82022","bus0":"64762","bus1":"64764","voltage_kv":161,"capacity_mw":263.47,"length_km":6.060941789079641,"state0":"KS","state1":"KS","kansas_internal":true,"crosses_kansas_boundary":false,"representation":"Provisional PyPSA-USA synthetic AC branch"},"geometry":{"type":"LineString","coordinates":[[-97.6477,38.8376],[-97.5823,38.8184]]}},{"type":"Feature","properties":{"kind":"network_line","line_id":"82038","bus0":"64777","bus1":"65388","voltage_kv":161,"capacity_mw":267.38,"length_km":35.90868584189123,"state0":"KS","state1":"KS","kansas_internal":true,"crosses_kansas_boundary":false,"representation":"Provisional PyPSA-USA synthetic AC branch"},"geometry":{"type":"LineString","coordinates":[[-99.3281,39.7164],[-99.294,39.3949]]}},{"type":"Feature","properties":{"kind":"network_line","line_id":"82056","bus0":"65524","bus1":"64794","voltage_kv":161,"capacity_mw":306.07,"length_km":10.687912418004002,"state0":"KS","state1":"KS","kansas_internal":true,"crosses_kansas_boundary":false,"representation":"Provisional PyPSA-USA synthetic AC branch"},"geometry":{"type":"LineString","coordinates":[[-98.7691,37.6245],[-98.7566,37.72]]}},{"type":"Feature","properties":{"kind":"network_line","line_id":"82057","bus0":"65626","bus1":"64794","voltage_kv":161,"capacity_mw":298.81,"length_km":30.315808317149475,"state0":"KS","state1":"KS","kansas_internal":true,"crosses_kansas_boundary":false,"representation":"Provisional PyPSA-USA synthetic AC branch"},"geometry":{"type":"LineString","coordinates":[[-98.6158,37.9686],[-98.7566,37.72]]}},{"type":"Feature","properties":{"kind":"network_line","line_id":"82060","bus0":"64799","bus1":"65338","voltage_kv":161,"capacity_mw":236.98,"length_km":43.70635669278308,"state0":"KS","state1":"KS","kansas_internal":true,"crosses_kansas_boundary":false,"representation":"Provisional PyPSA-USA synthetic AC branch"},"geometry":{"type":"LineString","coordinates":[[-101.202,39.7727],[-101.041,39.4002]]}},{"type":"Feature","properties":{"kind":"network_line","line_id":"82061","bus0":"64799","bus1":"65885","voltage_kv":161,"capacity_mw":232.43,"length_km":28.470485406900707,"state0":"KS","state1":"KS","kansas_internal":true,"crosses_kansas_boundary":false,"representation":"Provisional PyPSA-USA synthetic AC branch"},"geometry":{"type":"LineString","coordinates":[[-101.202,39.7727],[-101.534,39.7559]]}},{"type":"Feature","properties":{"kind":"network_line","line_id":"82073","bus0":"64805","bus1":"65338","voltage_kv":161,"capacity_mw":285.75,"length_km":27.650296341767316,"state0":"KS","state1":"KS","kansas_internal":true,"crosses_kansas_boundary":false,"representation":"Provisional PyPSA-USA synthetic AC branch"},"geometry":{"type":"LineString","coordinates":[[-100.751,39.5077],[-101.041,39.4002]]}},{"type":"Feature","properties":{"kind":"network_line","line_id":"82083","bus0":"64814","bus1":"65759","voltage_kv":161,"capacity_mw":274.38,"length_km":13.529208736947519,"state0":"KS","state1":"KS","kansas_internal":true,"crosses_kansas_boundary":false,"representation":"Provisional PyPSA-USA synthetic AC branch"},"geometry":{"type":"LineString","coordinates":[[-97.8998,37.969],[-97.8961,38.0905]]}},{"type":"Feature","properties":{"kind":"network_line","line_id":"82087","bus0":"64822","bus1":"64817","voltage_kv":161,"capacity_mw":255.64,"length_km":13.44544481503757,"state0":"KS","state1":"KS","kansas_internal":true,"crosses_kansas_boundary":false,"representation":"Provisional PyPSA-USA synthetic AC branch"},"geometry":{"type":"LineString","coordinates":[[-97.9416,38.0043],[-97.9095,37.8862]]}},{"type":"Feature","properties":{"kind":"network_line","line_id":"82090","bus0":"64822","bus1":"64828","voltage_kv":161,"capacity_mw":287.67,"length_km":8.24128284580206,"state0":"KS","state1":"KS","kansas_internal":true,"crosses_kansas_boundary":false,"representation":"Provisional PyPSA-USA synthetic AC branch"},"geometry":{"type":"LineString","coordinates":[[-97.9416,38.0043],[-97.9192,38.0762]]}},{"type":"Feature","properties":{"kind":"network_line","line_id":"82096","bus0":"64828","bus1":"64825","voltage_kv":161,"capacity_mw":284.21,"length_km":11.427393053226005,"state0":"KS","state1":"KS","kansas_internal":true,"crosses_kansas_boundary":false,"representation":"Provisional PyPSA-USA synthetic AC branch"},"geometry":{"type":"LineString","coordinates":[[-97.9192,38.0762],[-97.9725,38.1699]]}},{"type":"Feature","properties":{"kind":"network_line","line_id":"82097","bus0":"64825","bus1":"65746","voltage_kv":161,"capacity_mw":311.9,"length_km":22.074663419287596,"state0":"KS","state1":"KS","kansas_internal":true,"crosses_kansas_boundary":false,"representation":"Provisional PyPSA-USA synthetic AC branch"},"geometry":{"type":"LineString","coordinates":[[-97.9725,38.1699],[-98.2166,38.2201]]}},{"type":"Feature","properties":{"kind":"network_line","line_id":"82098","bus0":"64825","bus1":"65787","voltage_kv":161,"capacity_mw":292.89,"length_km":13.834600167577776,"state0":"KS","state1":"KS","kansas_internal":true,"crosses_kansas_boundary":false,"representation":"Provisional PyPSA-USA synthetic AC branch"},"geometry":{"type":"LineString","coordinates":[[-97.9725,38.1699],[-97.8556,38.0863]]}},{"type":"Feature","properties":{"kind":"network_line","line_id":"82104","bus0":"65692","bus1":"64828","voltage_kv":161,"capacity_mw":305,"length_km":3.5391260560287856,"state0":"KS","state1":"KS","kansas_internal":true,"crosses_kansas_boundary":false,"representation":"Provisional PyPSA-USA synthetic AC branch"},"geometry":{"type":"LineString","coordinates":[[-97.8816,38.0646],[-97.9192,38.0762]]}},{"type":"Feature","properties":{"kind":"network_line","line_id":"82105","bus0":"64828","bus1":"65759","voltage_kv":161,"capacity_mw":292.71,"length_km":2.575037810760849,"state0":"KS","state1":"KS","kansas_internal":true,"crosses_kansas_boundary":false,"representation":"Provisional PyPSA-USA synthetic AC branch"},"geometry":{"type":"LineString","coordinates":[[-97.9192,38.0762],[-97.8961,38.0905]]}},{"type":"Feature","properties":{"kind":"network_line","line_id":"82106","bus0":"64828","bus1":"65787","voltage_kv":161,"capacity_mw":275.12,"length_km":5.685151272044559,"state0":"KS","state1":"KS","kansas_internal":true,"crosses_kansas_boundary":false,"representation":"Provisional PyPSA-USA synthetic AC branch"},"geometry":{"type":"LineString","coordinates":[[-97.9192,38.0762],[-97.8556,38.0863]]}},{"type":"Feature","properties":{"kind":"network_line","line_id":"82130","bus0":"64851","bus1":"65746","voltage_kv":161,"capacity_mw":258.3,"length_km":26.44567263501939,"state0":"KS","state1":"KS","kansas_internal":true,"crosses_kansas_boundary":false,"representation":"Provisional PyPSA-USA synthetic AC branch"},"geometry":{"type":"LineString","coordinates":[[-98.2782,38.4527],[-98.2166,38.2201]]}},{"type":"Feature","properties":{"kind":"network_line","line_id":"82131","bus0":"65818","bus1":"64851","voltage_kv":161,"capacity_mw":246.33,"length_km":28.187767913541588,"state0":"KS","state1":"KS","kansas_internal":true,"crosses_kansas_boundary":false,"representation":"Provisional PyPSA-USA synthetic AC branch"},"geometry":{"type":"LineString","coordinates":[[-98.5859,38.3753],[-98.2782,38.4527]]}},{"type":"Feature","properties":{"kind":"network_line","line_id":"82140","bus0":"64861","bus1":"64860","voltage_kv":161,"capacity_mw":246.18,"length_km":7.861929969968859,"state0":"KS","state1":"KS","kansas_internal":true,"crosses_kansas_boundary":false,"representation":"Provisional PyPSA-USA synthetic AC branch"},"geometry":{"type":"LineString","coordinates":[[-96.6852,39.2402],[-96.7642,39.2755]]}},{"type":"Feature","properties":{"kind":"network_line","line_id":"82143","bus0":"64861","bus1":"65294","voltage_kv":161,"capacity_mw":242.66,"length_km":69.75164896346334,"state0":"KS","state1":"KS","kansas_internal":true,"crosses_kansas_boundary":false,"representation":"Provisional PyPSA-USA synthetic AC branch"},"geometry":{"type":"LineString","coordinates":[[-96.6852,39.2402],[-97.0537,39.7986]]}},{"type":"Feature","properties":{"kind":"network_line","line_id":"82144","bus0":"64861","bus1":"65492","voltage_kv":161,"capacity_mw":194.74,"length_km":101.98266590595021,"state0":"KS","state1":"KS","kansas_internal":true,"crosses_kansas_boundary":false,"representation":"Provisional PyPSA-USA synthetic AC branch"},"geometry":{"type":"LineString","coordinates":[[-96.6852,39.2402],[-97.619,39.8063]]}},{"type":"Feature","properties":{"kind":"network_line","line_id":"82159","bus0":"64994","bus1":"64880","voltage_kv":161,"capacity_mw":273.73,"length_km":9.907100659892455,"state0":"KS","state1":"KS","kansas_internal":true,"crosses_kansas_boundary":false,"representation":"Provisional PyPSA-USA synthetic AC branch"},"geometry":{"type":"LineString","coordinates":[[-97.3496,37.4933],[-97.4499,37.4535]]}},{"type":"Feature","properties":{"kind":"network_line","line_id":"82160","bus0":"64880","bus1":"65361","voltage_kv":161,"capacity_mw":295.41,"length_km":24.30428515085906,"state0":"KS","state1":"KS","kansas_internal":true,"crosses_kansas_boundary":false,"representation":"Provisional PyPSA-USA synthetic AC branch"},"geometry":{"type":"LineString","coordinates":[[-97.4499,37.4535],[-97.3386,37.2539]]}},{"type":"Feature","properties":{"kind":"network_line","line_id":"82174","bus0":"64891","bus1":"64895","voltage_kv":161,"capacity_mw":253.9,"length_km":4.853228401966166,"state0":"KS","state1":"KS","kansas_internal":true,"crosses_kansas_boundary":false,"representation":"Provisional PyPSA-USA synthetic AC branch"},"geometry":{"type":"LineString","coordinates":[[-97.2058,37.577],[-97.1947,37.5343]]}},{"type":"Feature","properties":{"kind":"network_line","line_id":"82175","bus0":"64891","bus1":"64898","voltage_kv":161,"capacity_mw":227.58,"length_km":5.271552069979927,"state0":"KS","state1":"KS","kansas_internal":true,"crosses_kansas_boundary":false,"representation":"Provisional PyPSA-USA synthetic AC branch"},"geometry":{"type":"LineString","coordinates":[[-97.2058,37.577],[-97.1523,37.5981]]}},{"type":"Feature","properties":{"kind":"network_line","line_id":"82176","bus0":"64971","bus1":"64891","voltage_kv":161,"capacity_mw":251.74,"length_km":6.7491299977291845,"state0":"KS","state1":"KS","kansas_internal":true,"crosses_kansas_boundary":false,"representation":"Provisional PyPSA-USA synthetic AC branch"},"geometry":{"type":"LineString","coordinates":[[-97.2821,37.5814],[-97.2058,37.577]]}},{"type":"Feature","properties":{"kind":"network_line","line_id":"82177","bus0":"64891","bus1":"65002","voltage_kv":161,"capacity_mw":280.83,"length_km":15.223666202716622,"state0":"KS","state1":"KS","kansas_internal":true,"crosses_kansas_boundary":false,"representation":"Provisional PyPSA-USA synthetic AC branch"},"geometry":{"type":"LineString","coordinates":[[-97.2058,37.577],[-97.3748,37.5495]]}},{"type":"Feature","properties":{"kind":"network_line","line_id":"82185","bus0":"64898","bus1":"64957","voltage_kv":161,"capacity_mw":268.59,"length_km":8.52128391614434,"state0":"KS","state1":"KS","kansas_internal":true,"crosses_kansas_boundary":false,"representation":"Provisional PyPSA-USA synthetic AC branch"},"geometry":{"type":"LineString","coordinates":[[-97.1523,37.5981],[-97.1917,37.668]]}},{"type":"Feature","properties":{"kind":"network_line","line_id":"82186","bus0":"64898","bus1":"65320","voltage_kv":161,"capacity_mw":276.8,"length_km":17.24291544432332,"state0":"KS","state1":"KS","kansas_internal":true,"crosses_kansas_boundary":false,"representation":"Provisional PyPSA-USA synthetic AC branch"},"geometry":{"type":"LineString","coordinates":[[-97.1523,37.5981],[-96.9707,37.6556]]}},{"type":"Feature","properties":{"kind":"network_line","line_id":"82193","bus0":"64904","bus1":"64906","voltage_kv":161,"capacity_mw":289.2,"length_km":12.86107325823202,"state0":"KS","state1":"KS","kansas_internal":true,"crosses_kansas_boundary":false,"representation":"Provisional PyPSA-USA synthetic AC branch"},"geometry":{"type":"LineString","coordinates":[[-97.5803,37.5766],[-97.6283,37.6857]]}},{"type":"Feature","properties":{"kind":"network_line","line_id":"82194","bus0":"64904","bus1":"65864","voltage_kv":161,"capacity_mw":293.89,"length_km":35.85315519474279,"state0":"KS","state1":"KS","kansas_internal":true,"crosses_kansas_boundary":false,"representation":"Provisional PyPSA-USA synthetic AC branch"},"geometry":{"type":"LineString","coordinates":[[-97.5803,37.5766],[-97.3897,37.2923]]}},{"type":"Feature","properties":{"kind":"network_line","line_id":"82213","bus0":"64916","bus1":"64926","voltage_kv":161,"capacity_mw":218.02,"length_km":3.277353200406478,"state0":"KS","state1":"KS","kansas_internal":true,"crosses_kansas_boundary":false,"representation":"Provisional PyPSA-USA synthetic AC branch"},"geometry":{"type":"LineString","coordinates":[[-97.3795,37.7887],[-97.3688,37.7605]]}},{"type":"Feature","properties":{"kind":"network_line","line_id":"82214","bus0":"64916","bus1":"64950","voltage_kv":161,"capacity_mw":280.4,"length_km":6.291590940069446,"state0":"KS","state1":"KS","kansas_internal":true,"crosses_kansas_boundary":false,"representation":"Provisional PyPSA-USA synthetic AC branch"},"geometry":{"type":"LineString","coordinates":[[-97.3795,37.7887],[-97.3148,37.8128]]}},{"type":"Feature","properties":{"kind":"network_line","line_id":"82230","bus0":"64926","bus1":"64978","voltage_kv":161,"capacity_mw":275.46,"length_km":11.711815743776869,"state0":"KS","state1":"KS","kansas_internal":true,"crosses_kansas_boundary":false,"representation":"Provisional PyPSA-USA synthetic AC branch"},"geometry":{"type":"LineString","coordinates":[[-97.3688,37.7605],[-97.4038,37.659]]}},{"type":"Feature","properties":{"kind":"network_line","line_id":"82236","bus0":"64957","bus1":"64931","voltage_kv":161,"capacity_mw":303,"length_km":7.481232025061677,"state0":"KS","state1":"KS","kansas_internal":true,"crosses_kansas_boundary":false,"representation":"Provisional PyPSA-USA synthetic AC branch"},"geometry":{"type":"LineString","coordinates":[[-97.1917,37.668],[-97.2326,37.7269]]}},{"type":"Feature","properties":{"kind":"network_line","line_id":"82254","bus0":"64950","bus1":"64946","voltage_kv":161,"capacity_mw":282.22,"length_km":7.535061169966174,"state0":"KS","state1":"KS","kansas_internal":true,"crosses_kansas_boundary":false,"representation":"Provisional PyPSA-USA synthetic AC branch"},"geometry":{"type":"LineString","coordinates":[[-97.3148,37.8128],[-97.3069,37.7454]]}},{"type":"Feature","properties":{"kind":"network_line","line_id":"82255","bus0":"65008","bus1":"64946","voltage_kv":161,"capacity_mw":226.43,"length_km":4.815317503261456,"state0":"KS","state1":"KS","kansas_internal":true,"crosses_kansas_boundary":false,"representation":"Provisional PyPSA-USA synthetic AC branch"},"geometry":{"type":"LineString","coordinates":[[-97.3041,37.7022],[-97.3069,37.7454]]}},{"type":"Feature","properties":{"kind":"network_line","line_id":"82264","bus0":"65023","bus1":"64950","voltage_kv":161,"capacity_mw":257.93,"length_km":4.085621266458091,"state0":"KS","state1":"KS","kansas_internal":true,"crosses_kansas_boundary":false,"representation":"Provisional PyPSA-USA synthetic AC branch"},"geometry":{"type":"LineString","coordinates":[[-97.3507,37.8361],[-97.3148,37.8128]]}},{"type":"Feature","properties":{"kind":"network_line","line_id":"82265","bus0":"65028","bus1":"64950","voltage_kv":161,"capacity_mw":276.9,"length_km":8.148339549501292,"state0":"KS","state1":"KS","kansas_internal":true,"crosses_kansas_boundary":false,"representation":"Provisional PyPSA-USA synthetic AC branch"},"geometry":{"type":"LineString","coordinates":[[-97.2253,37.7939],[-97.3148,37.8128]]}},{"type":"Feature","properties":{"kind":"network_line","line_id":"82270","bus0":"64956","bus1":"64955","voltage_kv":500,"capacity_mw":2574.27,"length_km":19.42305589591981,"state0":"KS","state1":"KS","kansas_internal":true,"crosses_kansas_boundary":false,"representation":"Provisional PyPSA-USA synthetic AC branch"},"geometry":{"type":"LineString","coordinates":[[-97.1917,37.668],[-97.3148,37.8128]]}},{"type":"Feature","properties":{"kind":"network_line","line_id":"82271","bus0":"64955","bus1":"65541","voltage_kv":500,"capacity_mw":2404.91,"length_km":39.409375565109684,"state0":"KS","state1":"KS","kansas_internal":true,"crosses_kansas_boundary":false,"representation":"Provisional PyPSA-USA synthetic AC branch"},"geometry":{"type":"LineString","coordinates":[[-97.3148,37.8128],[-96.867,37.8003]]}},{"type":"Feature","properties":{"kind":"network_line","line_id":"82272","bus0":"65665","bus1":"64955","voltage_kv":500,"capacity_mw":2471.64,"length_km":21.099123575986134,"state0":"KS","state1":"KS","kansas_internal":true,"crosses_kansas_boundary":false,"representation":"Provisional PyPSA-USA synthetic AC branch"},"geometry":{"type":"LineString","coordinates":[[-97.5541,37.8266],[-97.3148,37.8128]]}},{"type":"Feature","properties":{"kind":"network_line","line_id":"82275","bus0":"64999","bus1":"64956","voltage_kv":500,"capacity_mw":2352.03,"length_km":20.85037082981411,"state0":"KS","state1":"KS","kansas_internal":true,"crosses_kansas_boundary":false,"representation":"Provisional PyPSA-USA synthetic AC branch"},"geometry":{"type":"LineString","coordinates":[[-97.3748,37.5495],[-97.1917,37.668]]}},{"type":"Feature","properties":{"kind":"network_line","line_id":"82276","bus0":"64956","bus1":"65232","voltage_kv":500,"capacity_mw":2505.06,"length_km":57.055393471351046,"state0":"KS","state1":"KS","kansas_internal":true,"crosses_kansas_boundary":false,"representation":"Provisional PyPSA-USA synthetic AC branch"},"geometry":{"type":"LineString","coordinates":[[-97.1917,37.668],[-96.5638,37.5445]]}},{"type":"Feature","properties":{"kind":"network_line","line_id":"82277","bus0":"64957","bus1":"64984","voltage_kv":161,"capacity_mw":277.06,"length_km":9.77128349710266,"state0":"KS","state1":"KS","kansas_internal":true,"crosses_kansas_boundary":false,"representation":"Provisional PyPSA-USA synthetic AC branch"},"geometry":{"type":"LineString","coordinates":[[-97.1917,37.668],[-97.3023,37.6744]]}},{"type":"Feature","properties":{"kind":"network_line","line_id":"82278","bus0":"65016","bus1":"64957","voltage_kv":161,"capacity_mw":293.86,"length_km":6.73236137079305,"state0":"KS","state1":"KS","kansas_internal":true,"crosses_kansas_boundary":false,"representation":"Provisional PyPSA-USA synthetic AC branch"},"geometry":{"type":"LineString","coordinates":[[-97.2681,37.6675],[-97.1917,37.668]]}},{"type":"Feature","properties":{"kind":"network_line","line_id":"82294","bus0":"64971","bus1":"64994","voltage_kv":161,"capacity_mw":277.62,"length_km":11.475352861704897,"state0":"KS","state1":"KS","kansas_internal":true,"crosses_kansas_boundary":false,"representation":"Provisional PyPSA-USA synthetic AC branch"},"geometry":{"type":"LineString","coordinates":[[-97.2821,37.5814],[-97.3496,37.4933]]}},{"type":"Feature","properties":{"kind":"network_line","line_id":"82295","bus0":"64995","bus1":"64971","voltage_kv":161,"capacity_mw":246.91,"length_km":4.109289087489022,"state0":"KS","state1":"KS","kansas_internal":true,"crosses_kansas_boundary":false,"representation":"Provisional PyPSA-USA synthetic AC branch"},"geometry":{"type":"LineString","coordinates":[[-97.2834,37.6183],[-97.2821,37.5814]]}},{"type":"Feature","properties":{"kind":"network_line","line_id":"82300","bus0":"64974","bus1":"64977","voltage_kv":161,"capacity_mw":265.69,"length_km":10.60002420317344,"state0":"KS","state1":"KS","kansas_internal":true,"crosses_kansas_boundary":false,"representation":"Provisional PyPSA-USA synthetic AC branch"},"geometry":{"type":"LineString","coordinates":[[-97.401,37.6803],[-97.5076,37.7245]]}},{"type":"Feature","properties":{"kind":"network_line","line_id":"82301","bus0":"64974","bus1":"64978","voltage_kv":161,"capacity_mw":260.85,"length_km":2.3839066483620814,"state0":"KS","state1":"KS","kansas_internal":true,"crosses_kansas_boundary":false,"representation":"Provisional PyPSA-USA synthetic AC branch"},"geometry":{"type":"LineString","coordinates":[[-97.401,37.6803],[-97.4038,37.659]]}},{"type":"Feature","properties":{"kind":"network_line","line_id":"82302","bus0":"65011","bus1":"64974","voltage_kv":161,"capacity_mw":281.64,"length_km":5.07755079734359,"state0":"KS","state1":"KS","kansas_internal":true,"crosses_kansas_boundary":false,"representation":"Provisional PyPSA-USA synthetic AC branch"},"geometry":{"type":"LineString","coordinates":[[-97.3563,37.7091],[-97.401,37.6803]]}},{"type":"Feature","properties":{"kind":"network_line","line_id":"82303","bus0":"64974","bus1":"65824","voltage_kv":161,"capacity_mw":288.47,"length_km":9.613852806646031,"state0":"KS","state1":"KS","kansas_internal":true,"crosses_kansas_boundary":false,"representation":"Provisional PyPSA-USA synthetic AC branch"},"geometry":{"type":"LineString","coordinates":[[-97.401,37.6803],[-97.4095,37.5942]]}},{"type":"Feature","properties":{"kind":"network_line","line_id":"82304","bus0":"64974","bus1":"66004","voltage_kv":161,"capacity_mw":296.68,"length_km":15.511157398344624,"state0":"KS","state1":"KS","kansas_internal":true,"crosses_kansas_boundary":false,"representation":"Provisional PyPSA-USA synthetic AC branch"},"geometry":{"type":"LineString","coordinates":[[-97.401,37.6803],[-97.5343,37.7714]]}},{"type":"Feature","properties":{"kind":"network_line","line_id":"82306","bus0":"66004","bus1":"64977","voltage_kv":161,"capacity_mw":297.2,"length_km":5.7254659701840875,"state0":"KS","state1":"KS","kansas_internal":true,"crosses_kansas_boundary":false,"representation":"Provisional PyPSA-USA synthetic AC branch"},"geometry":{"type":"LineString","coordinates":[[-97.5343,37.7714],[-97.5076,37.7245]]}},{"type":"Feature","properties":{"kind":"network_line","line_id":"82307","bus0":"64978","bus1":"65302","voltage_kv":161,"capacity_mw":265.38,"length_km":5.80727644046574,"state0":"KS","state1":"KS","kansas_internal":true,"crosses_kansas_boundary":false,"representation":"Provisional PyPSA-USA synthetic AC branch"},"geometry":{"type":"LineString","coordinates":[[-97.4038,37.659],[-97.4411,37.616]]}},{"type":"Feature","properties":{"kind":"network_line","line_id":"82308","bus0":"64978","bus1":"65824","voltage_kv":161,"capacity_mw":279.44,"length_km":7.23098725508617,"state0":"KS","state1":"KS","kansas_internal":true,"crosses_kansas_boundary":false,"representation":"Provisional PyPSA-USA synthetic AC branch"},"geometry":{"type":"LineString","coordinates":[[-97.4038,37.659],[-97.4095,37.5942]]}},{"type":"Feature","properties":{"kind":"network_line","line_id":"82309","bus0":"64979","bus1":"64984","voltage_kv":161,"capacity_mw":196.05,"length_km":4.947993627556831,"state0":"KS","state1":"KS","kansas_internal":true,"crosses_kansas_boundary":false,"representation":"Provisional PyPSA-USA synthetic AC branch"},"geometry":{"type":"LineString","coordinates":[[-97.3457,37.6462],[-97.3023,37.6744]]}},{"type":"Feature","properties":{"kind":"network_line","line_id":"82310","bus0":"64979","bus1":"64995","voltage_kv":161,"capacity_mw":249.45,"length_km":6.309637267277359,"state0":"KS","state1":"KS","kansas_internal":true,"crosses_kansas_boundary":false,"representation":"Provisional PyPSA-USA synthetic AC branch"},"geometry":{"type":"LineString","coordinates":[[-97.3457,37.6462],[-97.2834,37.6183]]}},{"type":"Feature","properties":{"kind":"network_line","line_id":"82311","bus0":"65824","bus1":"64979","voltage_kv":161,"capacity_mw":292.31,"length_km":8.071791668634189,"state0":"KS","state1":"KS","kansas_internal":true,"crosses_kansas_boundary":false,"representation":"Provisional PyPSA-USA synthetic AC branch"},"geometry":{"type":"LineString","coordinates":[[-97.4095,37.5942],[-97.3457,37.6462]]}},{"type":"Feature","properties":{"kind":"network_line","line_id":"82319","bus0":"64984","bus1":"65008","voltage_kv":161,"capacity_mw":251.92,"length_km":3.0987415267342135,"state0":"KS","state1":"KS","kansas_internal":true,"crosses_kansas_boundary":false,"representation":"Provisional PyPSA-USA synthetic AC branch"},"geometry":{"type":"LineString","coordinates":[[-97.3023,37.6744],[-97.3041,37.7022]]}},{"type":"Feature","properties":{"kind":"network_line","line_id":"82320","bus0":"65016","bus1":"64984","voltage_kv":161,"capacity_mw":223.15,"length_km":3.1098191010052063,"state0":"KS","state1":"KS","kansas_internal":true,"crosses_kansas_boundary":false,"representation":"Provisional PyPSA-USA synthetic AC branch"},"geometry":{"type":"LineString","coordinates":[[-97.2681,37.6675],[-97.3023,37.6744]]}},{"type":"Feature","properties":{"kind":"network_line","line_id":"82331","bus0":"65002","bus1":"64994","voltage_kv":161,"capacity_mw":277.86,"length_km":6.640010274292831,"state0":"KS","state1":"KS","kansas_internal":true,"crosses_kansas_boundary":false,"representation":"Provisional PyPSA-USA synthetic AC branch"},"geometry":{"type":"LineString","coordinates":[[-97.3748,37.5495],[-97.3496,37.4933]]}},{"type":"Feature","properties":{"kind":"network_line","line_id":"82332","bus0":"64995","bus1":"65016","voltage_kv":161,"capacity_mw":239.54,"length_km":5.640520405284909,"state0":"KS","state1":"KS","kansas_internal":true,"crosses_kansas_boundary":false,"representation":"Provisional PyPSA-USA synthetic AC branch"},"geometry":{"type":"LineString","coordinates":[[-97.2834,37.6183],[-97.2681,37.6675]]}},{"type":"Feature","properties":{"kind":"network_line","line_id":"82337","bus0":"64999","bus1":"65367","voltage_kv":500,"capacity_mw":2510.58,"length_km":33.06138820086494,"state0":"KS","state1":"KS","kansas_internal":true,"crosses_kansas_boundary":false,"representation":"Provisional PyPSA-USA synthetic AC branch"},"geometry":{"type":"LineString","coordinates":[[-97.3748,37.5495],[-97.3386,37.2539]]}},{"type":"Feature","properties":{"kind":"network_line","line_id":"82338","bus0":"64999","bus1":"65610","voltage_kv":500,"capacity_mw":2413.7,"length_km":79.74168118049951,"state0":"KS","state1":"KS","kansas_internal":true,"crosses_kansas_boundary":false,"representation":"Provisional PyPSA-USA synthetic AC branch"},"geometry":{"type":"LineString","coordinates":[[-97.3748,37.5495],[-98.2615,37.4152]]}},{"type":"Feature","properties":{"kind":"network_line","line_id":"82342","bus0":"65824","bus1":"65002","voltage_kv":161,"capacity_mw":232.15,"length_km":5.842414048773101,"state0":"KS","state1":"KS","kansas_internal":true,"crosses_kansas_boundary":false,"representation":"Provisional PyPSA-USA synthetic AC branch"},"geometry":{"type":"LineString","coordinates":[[-97.4095,37.5942],[-97.3748,37.5495]]}},{"type":"Feature","properties":{"kind":"network_line","line_id":"82346","bus0":"65008","bus1":"65011","voltage_kv":161,"capacity_mw":233.92,"length_km":4.661076496988254,"state0":"KS","state1":"KS","kansas_internal":true,"crosses_kansas_boundary":false,"representation":"Provisional PyPSA-USA synthetic AC branch"},"geometry":{"type":"LineString","coordinates":[[-97.3041,37.7022],[-97.3563,37.7091]]}},{"type":"Feature","properties":{"kind":"network_line","line_id":"82361","bus0":"65027","bus1":"65028","voltage_kv":161,"capacity_mw":237.72,"length_km":7.096813977657981,"state0":"KS","state1":"KS","kansas_internal":true,"crosses_kansas_boundary":false,"representation":"Provisional PyPSA-USA synthetic AC branch"},"geometry":{"type":"LineString","coordinates":[[-97.1797,37.8465],[-97.2253,37.7939]]}},{"type":"Feature","properties":{"kind":"network_line","line_id":"82370","bus0":"65035","bus1":"65046","voltage_kv":161,"capacity_mw":245.36,"length_km":11.958300984819072,"state0":"KS","state1":"KS","kansas_internal":true,"crosses_kansas_boundary":false,"representation":"Provisional PyPSA-USA synthetic AC branch"},"geometry":{"type":"LineString","coordinates":[[-101.079,37.0808],[-100.946,37.0641]]}},{"type":"Feature","properties":{"kind":"network_line","line_id":"82371","bus0":"65035","bus1":"65048","voltage_kv":161,"capacity_mw":283.26,"length_km":19.726965346759727,"state0":"KS","state1":"KS","kansas_internal":true,"crosses_kansas_boundary":false,"representation":"Provisional PyPSA-USA synthetic AC branch"},"geometry":{"type":"LineString","coordinates":[[-101.079,37.0808],[-100.88,37.1597]]}},{"type":"Feature","properties":{"kind":"network_line","line_id":"82372","bus0":"65809","bus1":"65035","voltage_kv":161,"capacity_mw":330.77,"length_km":25.099888187340838,"state0":"KS","state1":"KS","kansas_internal":true,"crosses_kansas_boundary":false,"representation":"Provisional PyPSA-USA synthetic AC branch"},"geometry":{"type":"LineString","coordinates":[[-101.347,37.1527],[-101.079,37.0808]]}},{"type":"Feature","properties":{"kind":"network_line","line_id":"82390","bus0":"65048","bus1":"65046","voltage_kv":161,"capacity_mw":290.08,"length_km":12.14837612286397,"state0":"KS","state1":"KS","kansas_internal":true,"crosses_kansas_boundary":false,"representation":"Provisional PyPSA-USA synthetic AC branch"},"geometry":{"type":"LineString","coordinates":[[-100.88,37.1597],[-100.946,37.0641]]}},{"type":"Feature","properties":{"kind":"network_line","line_id":"82393","bus0":"65428","bus1":"65048","voltage_kv":161,"capacity_mw":313.73,"length_km":13.053166726956269,"state0":"KS","state1":"KS","kansas_internal":true,"crosses_kansas_boundary":false,"representation":"Provisional PyPSA-USA synthetic AC branch"},"geometry":{"type":"LineString","coordinates":[[-100.733,37.1548],[-100.88,37.1597]]}},{"type":"Feature","properties":{"kind":"network_line","line_id":"82404","bus0":"65060","bus1":"65072","voltage_kv":161,"capacity_mw":238.28,"length_km":5.921544371191807,"state0":"KS","state1":"KS","kansas_internal":true,"crosses_kansas_boundary":false,"representation":"Provisional PyPSA-USA synthetic AC branch"},"geometry":{"type":"LineString","coordinates":[[-95.7151,39.0418],[-95.7026,38.9895]]}},{"type":"Feature","properties":{"kind":"network_line","line_id":"82405","bus0":"65073","bus1":"65060","voltage_kv":161,"capacity_mw":215.06,"length_km":6.507008382102456,"state0":"KS","state1":"KS","kansas_internal":true,"crosses_kansas_boundary":false,"representation":"Provisional PyPSA-USA synthetic AC branch"},"geometry":{"type":"LineString","coordinates":[[-95.641,39.0316],[-95.7151,39.0418]]}},{"type":"Feature","properties":{"kind":"network_line","line_id":"82415","bus0":"65072","bus1":"65065","voltage_kv":161,"capacity_mw":245.06,"length_km":4.727961583047061,"state0":"KS","state1":"KS","kansas_internal":true,"crosses_kansas_boundary":false,"representation":"Provisional PyPSA-USA synthetic AC branch"},"geometry":{"type":"LineString","coordinates":[[-95.7026,38.9895],[-95.6782,38.9515]]}},{"type":"Feature","properties":{"kind":"network_line","line_id":"82416","bus0":"65065","bus1":"65076","voltage_kv":161,"capacity_mw":228.7,"length_km":8.751205263062761,"state0":"KS","state1":"KS","kansas_internal":true,"crosses_kansas_boundary":false,"representation":"Provisional PyPSA-USA synthetic AC branch"},"geometry":{"type":"LineString","coordinates":[[-95.6782,38.9515],[-95.6107,38.893]]}},{"type":"Feature","properties":{"kind":"network_line","line_id":"82425","bus0":"65087","bus1":"65073","voltage_kv":161,"capacity_mw":215.89,"length_km":5.562331399085219,"state0":"KS","state1":"KS","kansas_internal":true,"crosses_kansas_boundary":false,"representation":"Provisional PyPSA-USA synthetic AC branch"},"geometry":{"type":"LineString","coordinates":[[-95.5785,39.0198],[-95.641,39.0316]]}},{"type":"Feature","properties":{"kind":"network_line","line_id":"82426","bus0":"65579","bus1":"65073","voltage_kv":161,"capacity_mw":261.24,"length_km":6.725753990645924,"state0":"KS","state1":"KS","kansas_internal":true,"crosses_kansas_boundary":false,"representation":"Provisional PyPSA-USA synthetic AC branch"},"geometry":{"type":"LineString","coordinates":[[-95.5672,39.0507],[-95.641,39.0316]]}},{"type":"Feature","properties":{"kind":"network_line","line_id":"82429","bus0":"65076","bus1":"65579","voltage_kv":161,"capacity_mw":246.09,"length_km":17.95422665079748,"state0":"KS","state1":"KS","kansas_internal":true,"crosses_kansas_boundary":false,"representation":"Provisional PyPSA-USA synthetic AC branch"},"geometry":{"type":"LineString","coordinates":[[-95.6107,38.893],[-95.5672,39.0507]]}},{"type":"Feature","properties":{"kind":"network_line","line_id":"82432","bus0":"65081","bus1":"65077","voltage_kv":161,"capacity_mw":239.59,"length_km":8.958301700636557,"state0":"KS","state1":"KS","kansas_internal":true,"crosses_kansas_boundary":false,"representation":"Provisional PyPSA-USA synthetic AC branch"},"geometry":{"type":"LineString","coordinates":[[-95.6474,39.134],[-95.733,39.1795]]}},{"type":"Feature","properties":{"kind":"network_line","line_id":"82440","bus0":"65081","bus1":"65114","voltage_kv":161,"capacity_mw":292.22,"length_km":20.090057528315135,"state0":"KS","state1":"KS","kansas_internal":true,"crosses_kansas_boundary":false,"representation":"Provisional PyPSA-USA synthetic AC branch"},"geometry":{"type":"LineString","coordinates":[[-95.6474,39.134],[-95.8675,39.0757]]}},{"type":"Feature","properties":{"kind":"network_line","line_id":"82447","bus0":"65579","bus1":"65087","voltage_kv":161,"capacity_mw":275.09,"length_km":3.5758555920722306,"state0":"KS","state1":"KS","kansas_internal":true,"crosses_kansas_boundary":false,"representation":"Provisional PyPSA-USA synthetic AC branch"},"geometry":{"type":"LineString","coordinates":[[-95.5672,39.0507],[-95.5785,39.0198]]}},{"type":"Feature","properties":{"kind":"network_line","line_id":"82457","bus0":"65114","bus1":"65096","voltage_kv":161,"capacity_mw":273.67,"length_km":11.88512217309558,"state0":"KS","state1":"KS","kansas_internal":true,"crosses_kansas_boundary":false,"representation":"Provisional PyPSA-USA synthetic AC branch"},"geometry":{"type":"LineString","coordinates":[[-95.8675,39.0757],[-95.9153,38.9756]]}},{"type":"Feature","properties":{"kind":"network_line","line_id":"82458","bus0":"65096","bus1":"65121","voltage_kv":161,"capacity_mw":258.81,"length_km":7.820442843582309,"state0":"KS","state1":"KS","kansas_internal":true,"crosses_kansas_boundary":false,"representation":"Provisional PyPSA-USA synthetic AC branch"},"geometry":{"type":"LineString","coordinates":[[-95.9153,38.9756],[-95.8292,38.9543]]}},{"type":"Feature","properties":{"kind":"network_line","line_id":"82470","bus0":"65114","bus1":"65109","voltage_kv":161,"capacity_mw":260.22,"length_km":3.4830076259155685,"state0":"KS","state1":"KS","kansas_internal":true,"crosses_kansas_boundary":false,"representation":"Provisional PyPSA-USA synthetic AC branch"},"geometry":{"type":"LineString","coordinates":[[-95.8675,39.0757],[-95.8565,39.0456]]}},{"type":"Feature","properties":{"kind":"network_line","line_id":"82473","bus0":"65110","bus1":"65469","voltage_kv":500,"capacity_mw":2887.73,"length_km":32.817434363724075,"state0":"KS","state1":"KS","kansas_internal":true,"crosses_kansas_boundary":false,"representation":"Provisional PyPSA-USA synthetic AC branch"},"geometry":{"type":"LineString","coordinates":[[-95.8675,39.0757],[-96.1622,39.262]]}},{"type":"Feature","properties":{"kind":"network_line","line_id":"82474","bus0":"65580","bus1":"65110","voltage_kv":500,"capacity_mw":2538.45,"length_km":26.104935294072874,"state0":"KS","state1":"KS","kansas_internal":true,"crosses_kansas_boundary":false,"representation":"Provisional PyPSA-USA synthetic AC branch"},"geometry":{"type":"LineString","coordinates":[[-95.5672,39.0507],[-95.8675,39.0757]]}},{"type":"Feature","properties":{"kind":"network_line","line_id":"82478","bus0":"65127","bus1":"65114","voltage_kv":161,"capacity_mw":257.79,"length_km":8.930632891397607,"state0":"KS","state1":"KS","kansas_internal":true,"crosses_kansas_boundary":false,"representation":"Provisional PyPSA-USA synthetic AC branch"},"geometry":{"type":"LineString","coordinates":[[-95.8002,39.1366],[-95.8675,39.0757]]}},{"type":"Feature","properties":{"kind":"network_line","line_id":"82494","bus0":"65133","bus1":"65338","voltage_kv":161,"capacity_mw":237.1,"length_km":56.41091685822036,"state0":"KS","state1":"KS","kansas_internal":true,"crosses_kansas_boundary":false,"representation":"Provisional PyPSA-USA synthetic AC branch"},"geometry":{"type":"LineString","coordinates":[[-100.388,39.3553],[-101.041,39.4002]]}},{"type":"Feature","properties":{"kind":"network_line","line_id":"82519","bus0":"65156","bus1":"65888","voltage_kv":161,"capacity_mw":249.47,"length_km":36.16336182631109,"state0":"KS","state1":"KS","kansas_internal":true,"crosses_kansas_boundary":false,"representation":"Provisional PyPSA-USA synthetic AC branch"},"geometry":{"type":"LineString","coordinates":[[-97.6575,37.0562],[-98.0338,37.1807]]}},{"type":"Feature","properties":{"kind":"network_line","line_id":"82526","bus0":"65161","bus1":"65464","voltage_kv":161,"capacity_mw":214.08,"length_km":37.88904061431031,"state0":"KS","state1":"KS","kansas_internal":true,"crosses_kansas_boundary":false,"representation":"Provisional PyPSA-USA synthetic AC branch"},"geometry":{"type":"LineString","coordinates":[[-96.3372,38.9499],[-96.1622,39.262]]}},{"type":"Feature","properties":{"kind":"network_line","line_id":"82542","bus0":"65256","bus1":"65178","voltage_kv":161,"capacity_mw":236.83,"length_km":32.85308696328622,"state0":"KS","state1":"KS","kansas_internal":true,"crosses_kansas_boundary":false,"representation":"Provisional PyPSA-USA synthetic AC branch"},"geometry":{"type":"LineString","coordinates":[[-95.5034,37.6877],[-95.7929,37.8741]]}},{"type":"Feature","properties":{"kind":"network_line","line_id":"82551","bus0":"65186","bus1":"65769","voltage_kv":161,"capacity_mw":217.88,"length_km":6.367575493195427,"state0":"MO","state1":"KS","kansas_internal":false,"crosses_kansas_boundary":true,"representation":"Provisional PyPSA-USA synthetic AC branch"},"geometry":{"type":"LineString","coordinates":[[-94.5741,39.1246],[-94.646,39.1373]]}},{"type":"Feature","properties":{"kind":"network_line","line_id":"82554","bus0":"65189","bus1":"65324","voltage_kv":161,"capacity_mw":263.93,"length_km":6.900898507865993,"state0":"KS","state1":"MO","kansas_internal":false,"crosses_kansas_boundary":true,"representation":"Provisional PyPSA-USA synthetic AC branch"},"geometry":{"type":"LineString","coordinates":[[-94.6902,39.1283],[-94.7098,39.1884]]}},{"type":"Feature","properties":{"kind":"network_line","line_id":"82555","bus0":"65769","bus1":"65189","voltage_kv":161,"capacity_mw":277.1,"length_km":3.9459280174784075,"state0":"KS","state1":"KS","kansas_internal":true,"crosses_kansas_boundary":false,"representation":"Provisional PyPSA-USA synthetic AC branch"},"geometry":{"type":"LineString","coordinates":[[-94.646,39.1373],[-94.6902,39.1283]]}},{"type":"Feature","properties":{"kind":"network_line","line_id":"82565","bus0":"65198","bus1":"65783","voltage_kv":161,"capacity_mw":222.99,"length_km":3.1402085269199995,"state0":"KS","state1":"KS","kansas_internal":true,"crosses_kansas_boundary":false,"representation":"Provisional PyPSA-USA synthetic AC branch"},"geometry":{"type":"LineString","coordinates":[[-94.6342,39.0977],[-94.6198,39.0718]]}},{"type":"Feature","properties":{"kind":"network_line","line_id":"82571","bus0":"65218","bus1":"65201","voltage_kv":161,"capacity_mw":230.14,"length_km":3.9309465388640663,"state0":"KS","state1":"KS","kansas_internal":true,"crosses_kansas_boundary":false,"representation":"Provisional PyPSA-USA synthetic AC branch"},"geometry":{"type":"LineString","coordinates":[[-94.701,39.0835],[-94.6998,39.0482]]}},{"type":"Feature","properties":{"kind":"network_line","line_id":"82585","bus0":"65218","bus1":"65226","voltage_kv":161,"capacity_mw":221.14,"length_km":8.226063024203137,"state0":"KS","state1":"KS","kansas_internal":true,"crosses_kansas_boundary":false,"representation":"Provisional PyPSA-USA synthetic AC branch"},"geometry":{"type":"LineString","coordinates":[[-94.701,39.0835],[-94.758,39.1427]]}},{"type":"Feature","properties":{"kind":"network_line","line_id":"82586","bus0":"65218","bus1":"65769","voltage_kv":161,"capacity_mw":278.89,"length_km":7.644417579181273,"state0":"KS","state1":"KS","kansas_internal":true,"crosses_kansas_boundary":false,"representation":"Provisional PyPSA-USA synthetic AC branch"},"geometry":{"type":"LineString","coordinates":[[-94.701,39.0835],[-94.646,39.1373]]}},{"type":"Feature","properties":{"kind":"network_line","line_id":"82598","bus0":"65230","bus1":"65361","voltage_kv":161,"capacity_mw":225.06,"length_km":75.77151130595149,"state0":"KS","state1":"KS","kansas_internal":true,"crosses_kansas_boundary":false,"representation":"Provisional PyPSA-USA synthetic AC branch"},"geometry":{"type":"LineString","coordinates":[[-96.5638,37.5445],[-97.3386,37.2539]]}},{"type":"Feature","properties":{"kind":"network_line","line_id":"82599","bus0":"65402","bus1":"65232","voltage_kv":500,"capacity_mw":2398.69,"length_km":17.409435717206815,"state0":"KS","state1":"KS","kansas_internal":true,"crosses_kansas_boundary":false,"representation":"Provisional PyPSA-USA synthetic AC branch"},"geometry":{"type":"LineString","coordinates":[[-96.3994,37.4582],[-96.5638,37.5445]]}},{"type":"Feature","properties":{"kind":"network_line","line_id":"82610","bus0":"65244","bus1":"67857","voltage_kv":161,"capacity_mw":256.62,"length_km":102.15261872079766,"state0":"KS","state1":"NE","kansas_internal":false,"crosses_kansas_boundary":true,"representation":"Provisional PyPSA-USA synthetic AC branch"},"geometry":{"type":"LineString","coordinates":[[-99.8161,39.3606],[-100.144,40.243]]}},{"type":"Feature","properties":{"kind":"network_line","line_id":"82612","bus0":"65367","bus1":"65246","voltage_kv":500,"capacity_mw":2705.9,"length_km":30.348558327742797,"state0":"KS","state1":"KS","kansas_internal":true,"crosses_kansas_boundary":false,"representation":"Provisional PyPSA-USA synthetic AC branch"},"geometry":{"type":"LineString","coordinates":[[-97.3386,37.2539],[-96.9961,37.2567]]}},{"type":"Feature","properties":{"kind":"network_line","line_id":"82618","bus0":"65251","bus1":"65438","voltage_kv":161,"capacity_mw":289.06,"length_km":13.98297664126572,"state0":"KS","state1":"KS","kansas_internal":true,"crosses_kansas_boundary":false,"representation":"Provisional PyPSA-USA synthetic AC branch"},"geometry":{"type":"LineString","coordinates":[[-96.9961,37.2567],[-97.1515,37.2787]]}},{"type":"Feature","properties":{"kind":"network_line","line_id":"82625","bus0":"65256","bus1":"65839","voltage_kv":161,"capacity_mw":221.94,"length_km":4.543760451338007,"state0":"KS","state1":"KS","kansas_internal":true,"crosses_kansas_boundary":false,"representation":"Provisional PyPSA-USA synthetic AC branch"},"geometry":{"type":"LineString","coordinates":[[-95.5034,37.6877],[-95.4849,37.6496]]}},{"type":"Feature","properties":{"kind":"network_line","line_id":"82626","bus0":"65257","bus1":"65637","voltage_kv":500,"capacity_mw":2929.31,"length_km":64.33304815153153,"state0":"KS","state1":"KS","kansas_internal":true,"crosses_kansas_boundary":false,"representation":"Provisional PyPSA-USA synthetic AC branch"},"geometry":{"type":"LineString","coordinates":[[-95.5034,37.6877],[-95.7029,38.2438]]}},{"type":"Feature","properties":{"kind":"network_line","line_id":"82647","bus0":"65885","bus1":"65274","voltage_kv":161,"capacity_mw":292.5,"length_km":49.086825198273694,"state0":"KS","state1":"KS","kansas_internal":true,"crosses_kansas_boundary":false,"representation":"Provisional PyPSA-USA synthetic AC branch"},"geometry":{"type":"LineString","coordinates":[[-101.534,39.7559],[-101.711,39.3366]]}},{"type":"Feature","properties":{"kind":"network_line","line_id":"82650","bus0":"65339","bus1":"65281","voltage_kv":500,"capacity_mw":2907.88,"length_km":58.092605492795926,"state0":"KS","state1":"KS","kansas_internal":true,"crosses_kansas_boundary":false,"representation":"Provisional PyPSA-USA synthetic AC branch"},"geometry":{"type":"LineString","coordinates":[[-101.041,39.4002],[-101.711,39.3366]]}},{"type":"Feature","properties":{"kind":"network_line","line_id":"82651","bus0":"65281","bus1":"65511","voltage_kv":500,"capacity_mw":2956.09,"length_km":102.28628544407462,"state0":"KS","state1":"KS","kansas_internal":true,"crosses_kansas_boundary":false,"representation":"Provisional PyPSA-USA synthetic AC branch"},"geometry":{"type":"LineString","coordinates":[[-101.711,39.3366],[-101.166,38.5214]]}},{"type":"Feature","properties":{"kind":"network_line","line_id":"82663","bus0":"65294","bus1":"67539","voltage_kv":161,"capacity_mw":251.71,"length_km":29.80833298186723,"state0":"KS","state1":"NE","kansas_internal":false,"crosses_kansas_boundary":true,"representation":"Provisional PyPSA-USA synthetic AC branch"},"geometry":{"type":"LineString","coordinates":[[-97.0537,39.7986],[-96.957,40.0559]]}},{"type":"Feature","properties":{"kind":"network_line","line_id":"82673","bus0":"65302","bus1":"65824","voltage_kv":161,"capacity_mw":267.92,"length_km":3.695359432626225,"state0":"KS","state1":"KS","kansas_internal":true,"crosses_kansas_boundary":false,"representation":"Provisional PyPSA-USA synthetic AC branch"},"geometry":{"type":"LineString","coordinates":[[-97.4411,37.616],[-97.4095,37.5942]]}},{"type":"Feature","properties":{"kind":"network_line","line_id":"82698","bus0":"65329","bus1":"65391","voltage_kv":161,"capacity_mw":293.11,"length_km":3.7736798346143474,"state0":"KS","state1":"KS","kansas_internal":true,"crosses_kansas_boundary":false,"representation":"Provisional PyPSA-USA synthetic AC branch"},"geometry":{"type":"LineString","coordinates":[[-99.7955,37.8473],[-99.7675,37.873]]}},{"type":"Feature","properties":{"kind":"network_line","line_id":"82699","bus0":"65329","bus1":"65894","voltage_kv":161,"capacity_mw":328.31,"length_km":3.142058239187602,"state0":"KS","state1":"KS","kansas_internal":true,"crosses_kansas_boundary":false,"representation":"Provisional PyPSA-USA synthetic AC branch"},"geometry":{"type":"LineString","coordinates":[[-99.7955,37.8473],[-99.7708,37.8269]]}},{"type":"Feature","properties":{"kind":"network_line","line_id":"82710","bus0":"65338","bus1":"65877","voltage_kv":161,"capacity_mw":208.64,"length_km":6.035634008452919,"state0":"KS","state1":"KS","kansas_internal":true,"crosses_kansas_boundary":false,"representation":"Provisional PyPSA-USA synthetic AC branch"},"geometry":{"type":"LineString","coordinates":[[-101.041,39.4002],[-101.111,39.3965]]}},{"type":"Feature","properties":{"kind":"network_line","line_id":"82711","bus0":"67432","bus1":"65339","voltage_kv":500,"capacity_mw":2890.72,"length_km":99.33071971870547,"state0":"NE","state1":"KS","kansas_internal":false,"crosses_kansas_boundary":true,"representation":"Provisional PyPSA-USA synthetic AC branch"},"geometry":{"type":"LineString","coordinates":[[-100.652,40.241],[-101.041,39.4002]]}},{"type":"Feature","properties":{"kind":"network_line","line_id":"82722","bus0":"65349","bus1":"65653","voltage_kv":161,"capacity_mw":224.37,"length_km":57.84982390912772,"state0":"KS","state1":"KS","kansas_internal":true,"crosses_kansas_boundary":false,"representation":"Provisional PyPSA-USA synthetic AC branch"},"geometry":{"type":"LineString","coordinates":[[-99.7975,37.1671],[-99.3432,37.5408]]}},{"type":"Feature","properties":{"kind":"network_line","line_id":"82738","bus0":"65864","bus1":"65361","voltage_kv":161,"capacity_mw":297.46,"length_km":6.225992697197143,"state0":"KS","state1":"KS","kansas_internal":true,"crosses_kansas_boundary":false,"representation":"Provisional PyPSA-USA synthetic AC branch"},"geometry":{"type":"LineString","coordinates":[[-97.3897,37.2923],[-97.3386,37.2539]]}},{"type":"Feature","properties":{"kind":"network_line","line_id":"82752","bus0":"65566","bus1":"65380","voltage_kv":161,"capacity_mw":228.01,"length_km":34.47775244529928,"state0":"KS","state1":"KS","kansas_internal":true,"crosses_kansas_boundary":false,"representation":"Provisional PyPSA-USA synthetic AC branch"},"geometry":{"type":"LineString","coordinates":[[-95.7365,38.1552],[-95.4584,37.9362]]}},{"type":"Feature","properties":{"kind":"network_line","line_id":"82761","bus0":"65389","bus1":"65793","voltage_kv":500,"capacity_mw":2706.38,"length_km":48.904910083431496,"state0":"KS","state1":"KS","kansas_internal":true,"crosses_kansas_boundary":false,"representation":"Provisional PyPSA-USA synthetic AC branch"},"geometry":{"type":"LineString","coordinates":[[-99.294,39.3949],[-99.3656,38.9591]]}},{"type":"Feature","properties":{"kind":"network_line","line_id":"82762","bus0":"67405","bus1":"65389","voltage_kv":500,"capacity_mw":2741.38,"length_km":98.49015447721132,"state0":"NE","state1":"KS","kansas_internal":false,"crosses_kansas_boundary":true,"representation":"Provisional PyPSA-USA synthetic AC branch"},"geometry":{"type":"LineString","coordinates":[[-98.5401,40.0632],[-99.294,39.3949]]}},{"type":"Feature","properties":{"kind":"network_line","line_id":"82764","bus0":"65894","bus1":"65391","voltage_kv":161,"capacity_mw":252.37,"length_km":5.140019929374941,"state0":"KS","state1":"KS","kansas_internal":true,"crosses_kansas_boundary":false,"representation":"Provisional PyPSA-USA synthetic AC branch"},"geometry":{"type":"LineString","coordinates":[[-99.7708,37.8269],[-99.7675,37.873]]}},{"type":"Feature","properties":{"kind":"network_line","line_id":"82771","bus0":"65754","bus1":"65398","voltage_kv":161,"capacity_mw":307.39,"length_km":36.969428735338596,"state0":"KS","state1":"KS","kansas_internal":true,"crosses_kansas_boundary":false,"representation":"Provisional PyPSA-USA synthetic AC branch"},"geometry":{"type":"LineString","coordinates":[[-97.6868,39.4617],[-97.6883,39.1296]]}},{"type":"Feature","properties":{"kind":"network_line","line_id":"82778","bus0":"65535","bus1":"65406","voltage_kv":161,"capacity_mw":280.82,"length_km":18.409672808700986,"state0":"KS","state1":"KS","kansas_internal":true,"crosses_kansas_boundary":false,"representation":"Provisional PyPSA-USA synthetic AC branch"},"geometry":{"type":"LineString","coordinates":[[-98.1518,39.029],[-98.1641,38.8639]]}},{"type":"Feature","properties":{"kind":"network_line","line_id":"82779","bus0":"65572","bus1":"65406","voltage_kv":161,"capacity_mw":287.8,"length_km":3.0031606603772034,"state0":"KS","state1":"KS","kansas_internal":true,"crosses_kansas_boundary":false,"representation":"Provisional PyPSA-USA synthetic AC branch"},"geometry":{"type":"LineString","coordinates":[[-98.182,38.887],[-98.1641,38.8639]]}},{"type":"Feature","properties":{"kind":"network_line","line_id":"82780","bus0":"65406","bus1":"65931","voltage_kv":161,"capacity_mw":218.43,"length_km":14.259972019581856,"state0":"KS","state1":"KS","kansas_internal":true,"crosses_kansas_boundary":false,"representation":"Provisional PyPSA-USA synthetic AC branch"},"geometry":{"type":"LineString","coordinates":[[-98.1641,38.8639],[-98.3225,38.8294]]}},{"type":"Feature","properties":{"kind":"network_line","line_id":"82794","bus0":"65428","bus1":"65419","voltage_kv":161,"capacity_mw":253.68,"length_km":38.49539754790067,"state0":"KS","state1":"KS","kansas_internal":true,"crosses_kansas_boundary":false,"representation":"Provisional PyPSA-USA synthetic AC branch"},"geometry":{"type":"LineString","coordinates":[[-100.733,37.1548],[-100.307,37.2212]]}},{"type":"Feature","properties":{"kind":"network_line","line_id":"82797","bus0":"65421","bus1":"65672","voltage_kv":500,"capacity_mw":2713.1,"length_km":41.9345008871453,"state0":"KS","state1":"KS","kansas_internal":true,"crosses_kansas_boundary":false,"representation":"Provisional PyPSA-USA synthetic AC branch"},"geometry":{"type":"LineString","coordinates":[[-101.064,37.6263],[-100.883,37.9748]]}},{"type":"Feature","properties":{"kind":"network_line","line_id":"82798","bus0":"65808","bus1":"65421","voltage_kv":500,"capacity_mw":2644.19,"length_km":58.360938008807246,"state0":"KS","state1":"KS","kansas_internal":true,"crosses_kansas_boundary":false,"representation":"Provisional PyPSA-USA synthetic AC branch"},"geometry":{"type":"LineString","coordinates":[[-101.347,37.1527],[-101.064,37.6263]]}},{"type":"Feature","properties":{"kind":"network_line","line_id":"82803","bus0":"65891","bus1":"65425","voltage_kv":161,"capacity_mw":281.76,"length_km":5.716889654883286,"state0":"KS","state1":"KS","kansas_internal":true,"crosses_kansas_boundary":false,"representation":"Provisional PyPSA-USA synthetic AC branch"},"geometry":{"type":"LineString","coordinates":[[-101.083,37.5772],[-101.064,37.6263]]}},{"type":"Feature","properties":{"kind":"network_line","line_id":"82808","bus0":"65808","bus1":"65430","voltage_kv":500,"capacity_mw":2412.62,"length_km":54.476699651587595,"state0":"KS","state1":"KS","kansas_internal":true,"crosses_kansas_boundary":false,"representation":"Provisional PyPSA-USA synthetic AC branch"},"geometry":{"type":"LineString","coordinates":[[-101.347,37.1527],[-100.733,37.1548]]}},{"type":"Feature","properties":{"kind":"network_line","line_id":"82822","bus0":"65444","bus1":"65753","voltage_kv":500,"capacity_mw":2671.25,"length_km":36.77111211894909,"state0":"KS","state1":"KS","kansas_internal":true,"crosses_kansas_boundary":false,"representation":"Provisional PyPSA-USA synthetic AC branch"},"geometry":{"type":"LineString","coordinates":[[-97.294,39.5933],[-97.6868,39.4617]]}},{"type":"Feature","properties":{"kind":"network_line","line_id":"82823","bus0":"67540","bus1":"65444","voltage_kv":500,"capacity_mw":2770.04,"length_km":59.00823327376892,"state0":"NE","state1":"KS","kansas_internal":false,"crosses_kansas_boundary":true,"representation":"Provisional PyPSA-USA synthetic AC branch"},"geometry":{"type":"LineString","coordinates":[[-96.957,40.0559],[-97.294,39.5933]]}},{"type":"Feature","properties":{"kind":"network_line","line_id":"82830","bus0":"65754","bus1":"65450","voltage_kv":161,"capacity_mw":270.4,"length_km":36.77111211894909,"state0":"KS","state1":"KS","kansas_internal":true,"crosses_kansas_boundary":false,"representation":"Provisional PyPSA-USA synthetic AC branch"},"geometry":{"type":"LineString","coordinates":[[-97.6868,39.4617],[-97.294,39.5933]]}},{"type":"Feature","properties":{"kind":"network_line","line_id":"82856","bus0":"65478","bus1":"65839","voltage_kv":161,"capacity_mw":273.02,"length_km":22.392227502824785,"state0":"KS","state1":"KS","kansas_internal":true,"crosses_kansas_boundary":false,"representation":"Provisional PyPSA-USA synthetic AC branch"},"geometry":{"type":"LineString","coordinates":[[-95.2412,37.593],[-95.4849,37.6496]]}},{"type":"Feature","properties":{"kind":"network_line","line_id":"82858","bus0":"65634","bus1":"65481","voltage_kv":161,"capacity_mw":314.49,"length_km":4.093671490553691,"state0":"KS","state1":"KS","kansas_internal":true,"crosses_kansas_boundary":false,"representation":"Provisional PyPSA-USA synthetic AC branch"},"geometry":{"type":"LineString","coordinates":[[-95.7029,38.2438],[-95.6796,38.2757]]}},{"type":"Feature","properties":{"kind":"network_line","line_id":"82869","bus0":"65492","bus1":"65754","voltage_kv":161,"capacity_mw":257.59,"length_km":38.79856460127343,"state0":"KS","state1":"KS","kansas_internal":true,"crosses_kansas_boundary":false,"representation":"Provisional PyPSA-USA synthetic AC branch"},"geometry":{"type":"LineString","coordinates":[[-97.619,39.8063],[-97.6868,39.4617]]}},{"type":"Feature","properties":{"kind":"network_line","line_id":"82886","bus0":"65584","bus1":"65511","voltage_kv":500,"capacity_mw":2977.04,"length_km":66.6847119435231,"state0":"KS","state1":"KS","kansas_internal":true,"crosses_kansas_boundary":false,"representation":"Provisional PyPSA-USA synthetic AC branch"},"geometry":{"type":"LineString","coordinates":[[-100.935,37.9505],[-101.166,38.5214]]}},{"type":"Feature","properties":{"kind":"network_line","line_id":"82894","bus0":"65885","bus1":"65519","voltage_kv":161,"capacity_mw":193.79,"length_km":23.413935766195713,"state0":"KS","state1":"KS","kansas_internal":true,"crosses_kansas_boundary":false,"representation":"Provisional PyPSA-USA synthetic AC branch"},"geometry":{"type":"LineString","coordinates":[[-101.534,39.7559],[-101.801,39.8021]]}},{"type":"Feature","properties":{"kind":"network_line","line_id":"82901","bus0":"65628","bus1":"65526","voltage_kv":500,"capacity_mw":2352.38,"length_km":39.855686684446056,"state0":"KS","state1":"KS","kansas_internal":true,"crosses_kansas_boundary":false,"representation":"Provisional PyPSA-USA synthetic AC branch"},"geometry":{"type":"LineString","coordinates":[[-98.4621,37.3621],[-98.7691,37.6245]]}},{"type":"Feature","properties":{"kind":"network_line","line_id":"82908","bus0":"65917","bus1":"65532","voltage_kv":161,"capacity_mw":245.48,"length_km":7.059101500073295,"state0":"KS","state1":"KS","kansas_internal":true,"crosses_kansas_boundary":false,"representation":"Provisional PyPSA-USA synthetic AC branch"},"geometry":{"type":"LineString","coordinates":[[-97.6232,38.3861],[-97.7041,38.3861]]}},{"type":"Feature","properties":{"kind":"network_line","line_id":"82909","bus0":"65973","bus1":"65532","voltage_kv":161,"capacity_mw":277.46,"length_km":4.82873226487656,"state0":"KS","state1":"KS","kansas_internal":true,"crosses_kansas_boundary":false,"representation":"Provisional PyPSA-USA synthetic AC branch"},"geometry":{"type":"LineString","coordinates":[[-97.7074,38.3428],[-97.7041,38.3861]]}},{"type":"Feature","properties":{"kind":"network_line","line_id":"82926","bus0":"65552","bus1":"65818","voltage_kv":161,"capacity_mw":306.41,"length_km":26.609014765382796,"state0":"KS","state1":"KS","kansas_internal":true,"crosses_kansas_boundary":false,"representation":"Provisional PyPSA-USA synthetic AC branch"},"geometry":{"type":"LineString","coordinates":[[-98.882,38.4327],[-98.5859,38.3753]]}},{"type":"Feature","properties":{"kind":"network_line","line_id":"82927","bus0":"65553","bus1":"65793","voltage_kv":500,"capacity_mw":2609.87,"length_km":72.10487271906199,"state0":"KS","state1":"KS","kansas_internal":true,"crosses_kansas_boundary":false,"representation":"Provisional PyPSA-USA synthetic AC branch"},"geometry":{"type":"LineString","coordinates":[[-98.882,38.4327],[-99.3656,38.9591]]}},{"type":"Feature","properties":{"kind":"network_line","line_id":"82940","bus0":"65566","bus1":"65634","voltage_kv":161,"capacity_mw":258.45,"length_km":10.29159510673234,"state0":"KS","state1":"KS","kansas_internal":true,"crosses_kansas_boundary":false,"representation":"Provisional PyPSA-USA synthetic AC branch"},"geometry":{"type":"LineString","coordinates":[[-95.7365,38.1552],[-95.7029,38.2438]]}},{"type":"Feature","properties":{"kind":"network_line","line_id":"82943","bus0":"65568","bus1":"65753","voltage_kv":500,"capacity_mw":3008.62,"length_km":76.9353431898383,"state0":"KS","state1":"KS","kansas_internal":true,"crosses_kansas_boundary":false,"representation":"Provisional PyPSA-USA synthetic AC branch"},"geometry":{"type":"LineString","coordinates":[[-98.182,38.887],[-97.6868,39.4617]]}},{"type":"Feature","properties":{"kind":"network_line","line_id":"82944","bus0":"65568","bus1":"65932","voltage_kv":500,"capacity_mw":2902.11,"length_km":13.763949788410976,"state0":"KS","state1":"KS","kansas_internal":true,"crosses_kansas_boundary":false,"representation":"Provisional PyPSA-USA synthetic AC branch"},"geometry":{"type":"LineString","coordinates":[[-98.182,38.887],[-98.3225,38.8294]]}},{"type":"Feature","properties":{"kind":"network_line","line_id":"82954","bus0":"65580","bus1":"65700","voltage_kv":500,"capacity_mw":2619.24,"length_km":25.474612566404147,"state0":"KS","state1":"KS","kansas_internal":true,"crosses_kansas_boundary":false,"representation":"Provisional PyPSA-USA synthetic AC branch"},"geometry":{"type":"LineString","coordinates":[[-95.5672,39.0507],[-95.2729,39.0395]]}},{"type":"Feature","properties":{"kind":"network_line","line_id":"82959","bus0":"65582","bus1":"65797","voltage_kv":161,"capacity_mw":250.52,"length_km":4.58736717798038,"state0":"KS","state1":"KS","kansas_internal":true,"crosses_kansas_boundary":false,"representation":"Provisional PyPSA-USA synthetic AC branch"},"geometry":{"type":"LineString","coordinates":[[-100.935,37.9505],[-100.901,37.9818]]}},{"type":"Feature","properties":{"kind":"network_line","line_id":"82960","bus0":"65923","bus1":"65582","voltage_kv":161,"capacity_mw":230.13,"length_km":27.354814378352295,"state0":"KS","state1":"KS","kansas_internal":true,"crosses_kansas_boundary":false,"representation":"Provisional PyPSA-USA synthetic AC branch"},"geometry":{"type":"LineString","coordinates":[[-101.246,37.9353],[-100.935,37.9505]]}},{"type":"Feature","properties":{"kind":"network_line","line_id":"82961","bus0":"65672","bus1":"65584","voltage_kv":500,"capacity_mw":2762.79,"length_km":5.305256550279909,"state0":"KS","state1":"KS","kansas_internal":true,"crosses_kansas_boundary":false,"representation":"Provisional PyPSA-USA synthetic AC branch"},"geometry":{"type":"LineString","coordinates":[[-100.883,37.9748],[-100.935,37.9505]]}},{"type":"Feature","properties":{"kind":"network_line","line_id":"82962","bus0":"65584","bus1":"65694","voltage_kv":500,"capacity_mw":2528.36,"length_km":61.837839908281744,"state0":"KS","state1":"KS","kansas_internal":true,"crosses_kansas_boundary":false,"representation":"Provisional PyPSA-USA synthetic AC branch"},"geometry":{"type":"LineString","coordinates":[[-100.935,37.9505],[-100.375,37.6148]]}},{"type":"Feature","properties":{"kind":"network_line","line_id":"82968","bus0":"65587","bus1":"67636","voltage_kv":161,"capacity_mw":215.45,"length_km":13.061333740256963,"state0":"KS","state1":"NE","kansas_internal":false,"crosses_kansas_boundary":true,"representation":"Provisional PyPSA-USA synthetic AC branch"},"geometry":{"type":"LineString","coordinates":[[-95.8121,39.955],[-95.9321,40.0279]]}},{"type":"Feature","properties":{"kind":"network_line","line_id":"82973","bus0":"67635","bus1":"65592","voltage_kv":500,"capacity_mw":1998.41,"length_km":13.061333740256963,"state0":"NE","state1":"KS","kansas_internal":false,"crosses_kansas_boundary":true,"representation":"Provisional PyPSA-USA synthetic AC branch"},"geometry":{"type":"LineString","coordinates":[[-95.9321,40.0279],[-95.8121,39.955]]}},{"type":"Feature","properties":{"kind":"network_line","line_id":"82990","bus0":"65607","bus1":"65903","voltage_kv":161,"capacity_mw":263.44,"length_km":16.851366616548056,"state0":"KS","state1":"KS","kansas_internal":true,"crosses_kansas_boundary":false,"representation":"Provisional PyPSA-USA synthetic AC branch"},"geometry":{"type":"LineString","coordinates":[[-98.2615,37.4152],[-98.4483,37.3853]]}},{"type":"Feature","properties":{"kind":"network_line","line_id":"82991","bus0":"65628","bus1":"65610","voltage_kv":500,"capacity_mw":2269.85,"length_km":18.70126396581379,"state0":"KS","state1":"KS","kansas_internal":true,"crosses_kansas_boundary":false,"representation":"Provisional PyPSA-USA synthetic AC branch"},"geometry":{"type":"LineString","coordinates":[[-98.4621,37.3621],[-98.2615,37.4152]]}},{"type":"Feature","properties":{"kind":"network_line","line_id":"83005","bus0":"65959","bus1":"65626","voltage_kv":161,"capacity_mw":300.78,"length_km":10.381710093854407,"state0":"KS","state1":"KS","kansas_internal":true,"crosses_kansas_boundary":false,"representation":"Provisional PyPSA-USA synthetic AC branch"},"geometry":{"type":"LineString","coordinates":[[-98.72,38.0128],[-98.6158,37.9686]]}},{"type":"Feature","properties":{"kind":"network_line","line_id":"83011","bus0":"65631","bus1":"65721","voltage_kv":161,"capacity_mw":209.12,"length_km":33.37970150944997,"state0":"KS","state1":"KS","kansas_internal":true,"crosses_kansas_boundary":false,"representation":"Provisional PyPSA-USA synthetic AC branch"},"geometry":{"type":"LineString","coordinates":[[-98.4621,37.3621],[-98.0901,37.4126]]}},{"type":"Feature","properties":{"kind":"network_line","line_id":"83012","bus0":"65631","bus1":"65903","voltage_kv":161,"capacity_mw":231.47,"length_km":2.8566195040124422,"state0":"KS","state1":"KS","kansas_internal":true,"crosses_kansas_boundary":false,"representation":"Provisional PyPSA-USA synthetic AC branch"},"geometry":{"type":"LineString","coordinates":[[-98.4621,37.3621],[-98.4483,37.3853]]}},{"type":"Feature","properties":{"kind":"network_line","line_id":"83032","bus0":"65653","bus1":"65894","voltage_kv":161,"capacity_mw":241.04,"length_km":49.329420835187605,"state0":"KS","state1":"KS","kansas_internal":true,"crosses_kansas_boundary":false,"representation":"Provisional PyPSA-USA synthetic AC branch"},"geometry":{"type":"LineString","coordinates":[[-99.3432,37.5408],[-99.7708,37.8269]]}},{"type":"Feature","properties":{"kind":"network_line","line_id":"83033","bus0":"65653","bus1":"65978","voltage_kv":161,"capacity_mw":255.35,"length_km":10.305354804068857,"state0":"KS","state1":"KS","kansas_internal":true,"crosses_kansas_boundary":false,"representation":"Provisional PyPSA-USA synthetic AC branch"},"geometry":{"type":"LineString","coordinates":[[-99.3432,37.5408],[-99.458,37.524]]}},{"type":"Feature","properties":{"kind":"network_line","line_id":"83038","bus0":"65698","bus1":"65657","voltage_kv":161,"capacity_mw":270.04,"length_km":10.351081365002354,"state0":"KS","state1":"KS","kansas_internal":true,"crosses_kansas_boundary":false,"representation":"Provisional PyPSA-USA synthetic AC branch"},"geometry":{"type":"LineString","coordinates":[[-100.375,37.6148],[-100.264,37.5846]]}},{"type":"Feature","properties":{"kind":"network_line","line_id":"83046","bus0":"65665","bus1":"66005","voltage_kv":500,"capacity_mw":1860.19,"length_km":6.386882191765971,"state0":"KS","state1":"KS","kansas_internal":true,"crosses_kansas_boundary":false,"representation":"Provisional PyPSA-USA synthetic AC branch"},"geometry":{"type":"LineString","coordinates":[[-97.5541,37.8266],[-97.5343,37.7714]]}},{"type":"Feature","properties":{"kind":"network_line","line_id":"83047","bus0":"65666","bus1":"66004","voltage_kv":161,"capacity_mw":249.44,"length_km":6.386882191765971,"state0":"KS","state1":"KS","kansas_internal":true,"crosses_kansas_boundary":false,"representation":"Provisional PyPSA-USA synthetic AC branch"},"geometry":{"type":"LineString","coordinates":[[-97.5541,37.8266],[-97.5343,37.7714]]}},{"type":"Feature","properties":{"kind":"network_line","line_id":"83054","bus0":"65797","bus1":"65668","voltage_kv":161,"capacity_mw":238.2,"length_km":1.7612080355195556,"state0":"KS","state1":"KS","kansas_internal":true,"crosses_kansas_boundary":false,"representation":"Provisional PyPSA-USA synthetic AC branch"},"geometry":{"type":"LineString","coordinates":[[-100.901,37.9818],[-100.883,37.9748]]}},{"type":"Feature","properties":{"kind":"network_line","line_id":"83073","bus0":"65692","bus1":"65759","voltage_kv":161,"capacity_mw":265.86,"length_km":3.1507365304848127,"state0":"KS","state1":"KS","kansas_internal":true,"crosses_kansas_boundary":false,"representation":"Provisional PyPSA-USA synthetic AC branch"},"geometry":{"type":"LineString","coordinates":[[-97.8816,38.0646],[-97.8961,38.0905]]}},{"type":"Feature","properties":{"kind":"network_line","line_id":"83074","bus0":"65692","bus1":"65787","voltage_kv":161,"capacity_mw":256.85,"length_km":3.320598186588014,"state0":"KS","state1":"KS","kansas_internal":true,"crosses_kansas_boundary":false,"representation":"Provisional PyPSA-USA synthetic AC branch"},"geometry":{"type":"LineString","coordinates":[[-97.8816,38.0646],[-97.8556,38.0863]]}},{"type":"Feature","properties":{"kind":"network_line","line_id":"83075","bus0":"65975","bus1":"65693","voltage_kv":500,"capacity_mw":2769.15,"length_km":34.515112741672,"state0":"KS","state1":"KS","kansas_internal":true,"crosses_kansas_boundary":false,"representation":"Provisional PyPSA-USA synthetic AC branch"},"geometry":{"type":"LineString","coordinates":[[-97.7074,38.3428],[-97.8816,38.0646]]}},{"type":"Feature","properties":{"kind":"network_line","line_id":"83076","bus0":"65693","bus1":"66005","voltage_kv":500,"capacity_mw":2642.03,"length_km":44.67113353592317,"state0":"KS","state1":"KS","kansas_internal":true,"crosses_kansas_boundary":false,"representation":"Provisional PyPSA-USA synthetic AC branch"},"geometry":{"type":"LineString","coordinates":[[-97.8816,38.0646],[-97.5343,37.7714]]}},{"type":"Feature","properties":{"kind":"network_line","line_id":"83079","bus0":"65694","bus1":"65899","voltage_kv":500,"capacity_mw":2500.88,"length_km":58.205837918752735,"state0":"KS","state1":"KS","kansas_internal":true,"crosses_kansas_boundary":false,"representation":"Provisional PyPSA-USA synthetic AC branch"},"geometry":{"type":"LineString","coordinates":[[-100.375,37.6148],[-99.7708,37.8269]]}},{"type":"Feature","properties":{"kind":"network_line","line_id":"83103","bus0":"65888","bus1":"65721","voltage_kv":161,"capacity_mw":266.82,"length_km":26.292026257838142,"state0":"KS","state1":"KS","kansas_internal":true,"crosses_kansas_boundary":false,"representation":"Provisional PyPSA-USA synthetic AC branch"},"geometry":{"type":"LineString","coordinates":[[-98.0338,37.1807],[-98.0901,37.4126]]}},{"type":"Feature","properties":{"kind":"network_line","line_id":"83125","bus0":"65746","bus1":"65818","voltage_kv":161,"capacity_mw":300.78,"length_km":36.597970055859875,"state0":"KS","state1":"KS","kansas_internal":true,"crosses_kansas_boundary":false,"representation":"Provisional PyPSA-USA synthetic AC branch"},"geometry":{"type":"LineString","coordinates":[[-98.2166,38.2201],[-98.5859,38.3753]]}},{"type":"Feature","properties":{"kind":"network_line","line_id":"83132","bus0":"65753","bus1":"67487","voltage_kv":500,"capacity_mw":2828.93,"length_km":81.20134995036307,"state0":"KS","state1":"NE","kansas_internal":false,"crosses_kansas_boundary":true,"representation":"Provisional PyPSA-USA synthetic AC branch"},"geometry":{"type":"LineString","coordinates":[[-97.6868,39.4617],[-97.5742,40.186]]}},{"type":"Feature","properties":{"kind":"network_line","line_id":"83138","bus0":"65787","bus1":"65759","voltage_kv":161,"capacity_mw":280.33,"length_km":3.5790812723464396,"state0":"KS","state1":"KS","kansas_internal":true,"crosses_kansas_boundary":false,"representation":"Provisional PyPSA-USA synthetic AC branch"},"geometry":{"type":"LineString","coordinates":[[-97.8556,38.0863],[-97.8961,38.0905]]}},{"type":"Feature","properties":{"kind":"network_line","line_id":"83201","bus0":"65834","bus1":"67753","voltage_kv":161,"capacity_mw":246.4,"length_km":113.03323748278255,"state0":"KS","state1":"NE","kansas_internal":false,"crosses_kansas_boundary":true,"representation":"Provisional PyPSA-USA synthetic AC branch"},"geometry":{"type":"LineString","coordinates":[[-98.1212,39.4542],[-97.2078,40.1883]]}},{"type":"Feature","properties":{"kind":"network_line","line_id":"83244","bus0":"66694","bus1":"65885","voltage_kv":161,"capacity_mw":296.01,"length_km":40.9855729299093,"state0":"NE","state1":"KS","kansas_internal":false,"crosses_kansas_boundary":true,"representation":"Provisional PyPSA-USA synthetic AC branch"},"geometry":{"type":"LineString","coordinates":[[-101.519,40.1239],[-101.534,39.7559]]}},{"type":"Feature","properties":{"kind":"network_line","line_id":"83256","bus0":"65899","bus1":"65942","voltage_kv":500,"capacity_mw":2460.62,"length_km":18.045870428944017,"state0":"KS","state1":"KS","kansas_internal":true,"crosses_kansas_boundary":false,"representation":"Provisional PyPSA-USA synthetic AC branch"},"geometry":{"type":"LineString","coordinates":[[-99.7708,37.8269],[-99.9187,37.7146]]}},{"type":"Feature","properties":{"kind":"network_line","line_id":"83293","bus0":"65942","bus1":"65980","voltage_kv":500,"capacity_mw":2271.43,"length_km":45.82921429439992,"state0":"KS","state1":"KS","kansas_internal":true,"crosses_kansas_boundary":false,"representation":"Provisional PyPSA-USA synthetic AC branch"},"geometry":{"type":"LineString","coordinates":[[-99.9187,37.7146],[-99.458,37.524]]}},{"type":"Feature","properties":{"kind":"network_node","bus_ids":"57197","states":"KS","counties":"p20043","max_voltage_kv":161,"branch_count":3,"representation":"Co-located buses in the provisional PyPSA-USA topology"},"geometry":{"type":"Point","coordinates":[-94.9044,39.7583]}},{"type":"Feature","properties":{"kind":"network_node","bus_ids":"57032","states":"MO","counties":"p29021","max_voltage_kv":161,"branch_count":1,"representation":"Co-located buses in the provisional PyPSA-USA topology"},"geometry":{"type":"Point","coordinates":[-94.8641,39.799]}},{"type":"Feature","properties":{"kind":"network_node","bus_ids":"63695","states":"KS","counties":"p20011","max_voltage_kv":161,"branch_count":2,"representation":"Co-located buses in the provisional PyPSA-USA topology"},"geometry":{"type":"Point","coordinates":[-94.758,37.8175]}},{"type":"Feature","properties":{"kind":"network_node","bus_ids":"57120","states":"MO","counties":"p29011","max_voltage_kv":161,"branch_count":2,"representation":"Co-located buses in the provisional PyPSA-USA topology"},"geometry":{"type":"Point","coordinates":[-94.5448,37.5327]}},{"type":"Feature","properties":{"kind":"network_node","bus_ids":"63948","states":"KS","counties":"p20037","max_voltage_kv":161,"branch_count":2,"representation":"Co-located buses in the provisional PyPSA-USA topology"},"geometry":{"type":"Point","coordinates":[-94.7093,37.4975]}},{"type":"Feature","properties":{"kind":"network_node","bus_ids":"57144","states":"MO","counties":"p29013","max_voltage_kv":161,"branch_count":2,"representation":"Co-located buses in the provisional PyPSA-USA topology"},"geometry":{"type":"Point","coordinates":[-94.3937,38.0968]}},{"type":"Feature","properties":{"kind":"network_node","bus_ids":"64583","states":"KS","counties":"p20107","max_voltage_kv":161,"branch_count":2,"representation":"Co-located buses in the provisional PyPSA-USA topology"},"geometry":{"type":"Point","coordinates":[-94.6171,38.1693]}},{"type":"Feature","properties":{"kind":"network_node","bus_ids":"58314","states":"MO","counties":"p29021","max_voltage_kv":161,"branch_count":2,"representation":"Co-located buses in the provisional PyPSA-USA topology"},"geometry":{"type":"Point","coordinates":[-94.9001,39.7194]}},{"type":"Feature","properties":{"kind":"network_node","bus_ids":"58317, 58320","states":"MO","counties":"p29021","max_voltage_kv":500,"branch_count":2,"representation":"Co-located buses in the provisional PyPSA-USA topology"},"geometry":{"type":"Point","coordinates":[-94.8575,39.7065]}},{"type":"Feature","properties":{"kind":"network_node","bus_ids":"64661","states":"KS","counties":"p20121","max_voltage_kv":161,"branch_count":2,"representation":"Co-located buses in the provisional PyPSA-USA topology"},"geometry":{"type":"Point","coordinates":[-94.6832,38.6315]}},{"type":"Feature","properties":{"kind":"network_node","bus_ids":"57272","states":"MO","counties":"p29037","max_voltage_kv":161,"branch_count":1,"representation":"Co-located buses in the provisional PyPSA-USA topology"},"geometry":{"type":"Point","coordinates":[-94.5445,38.7332]}},{"type":"Feature","properties":{"kind":"network_node","bus_ids":"57275","states":"KS","counties":"p20091","max_voltage_kv":161,"branch_count":3,"representation":"Co-located buses in the provisional PyPSA-USA topology"},"geometry":{"type":"Point","coordinates":[-94.6282,38.8008]}},{"type":"Feature","properties":{"kind":"network_node","bus_ids":"58230, 58234","states":"MO","counties":"p29037","max_voltage_kv":500,"branch_count":2,"representation":"Co-located buses in the provisional PyPSA-USA topology"},"geometry":{"type":"Point","coordinates":[-94.5028,38.6388]}},{"type":"Feature","properties":{"kind":"network_node","bus_ids":"64401","states":"KS","counties":"p20091","max_voltage_kv":161,"branch_count":3,"representation":"Co-located buses in the provisional PyPSA-USA topology"},"geometry":{"type":"Point","coordinates":[-94.6196,38.7852]}},{"type":"Feature","properties":{"kind":"network_node","bus_ids":"64422","states":"KS","counties":"p20091","max_voltage_kv":161,"branch_count":1,"representation":"Co-located buses in the provisional PyPSA-USA topology"},"geometry":{"type":"Point","coordinates":[-94.6172,38.8398]}},{"type":"Feature","properties":{"kind":"network_node","bus_ids":"57452","states":"KS","counties":"p20209","max_voltage_kv":161,"branch_count":2,"representation":"Co-located buses in the provisional PyPSA-USA topology"},"geometry":{"type":"Point","coordinates":[-94.6036,39.1376]}},{"type":"Feature","properties":{"kind":"network_node","bus_ids":"58436","states":"MO","counties":"p29095","max_voltage_kv":161,"branch_count":2,"representation":"Co-located buses in the provisional PyPSA-USA topology"},"geometry":{"type":"Point","coordinates":[-94.5697,39.1166]}},{"type":"Feature","properties":{"kind":"network_node","bus_ids":"65769","states":"KS","counties":"p20209","max_voltage_kv":161,"branch_count":5,"representation":"Co-located buses in the provisional PyPSA-USA topology"},"geometry":{"type":"Point","coordinates":[-94.646,39.1373]}},{"type":"Feature","properties":{"kind":"network_node","bus_ids":"63987","states":"KS","counties":"p20043","max_voltage_kv":161,"branch_count":2,"representation":"Co-located buses in the provisional PyPSA-USA topology"},"geometry":{"type":"Point","coordinates":[-95.2377,39.9105]}},{"type":"Feature","properties":{"kind":"network_node","bus_ids":"57677","states":"MO","counties":"p29087","max_voltage_kv":161,"branch_count":1,"representation":"Co-located buses in the provisional PyPSA-USA topology"},"geometry":{"type":"Point","coordinates":[-95.0538,40.0475]}},{"type":"Feature","properties":{"kind":"network_node","bus_ids":"57749","states":"MO","counties":"p29095","max_voltage_kv":161,"branch_count":1,"representation":"Co-located buses in the provisional PyPSA-USA topology"},"geometry":{"type":"Point","coordinates":[-94.5391,39.0438]}},{"type":"Feature","properties":{"kind":"network_node","bus_ids":"64353","states":"KS","counties":"p20091","max_voltage_kv":161,"branch_count":3,"representation":"Co-located buses in the provisional PyPSA-USA topology"},"geometry":{"type":"Point","coordinates":[-94.6251,39.0256]}},{"type":"Feature","properties":{"kind":"network_node","bus_ids":"57770, 57771","states":"MO","counties":"p29095","max_voltage_kv":500,"branch_count":2,"representation":"Co-located buses in the provisional PyPSA-USA topology"},"geometry":{"type":"Point","coordinates":[-94.512,38.9438]}},{"type":"Feature","properties":{"kind":"network_node","bus_ids":"64380, 64377","states":"KS","counties":"p20121","max_voltage_kv":500,"branch_count":7,"representation":"Co-located buses in the provisional PyPSA-USA topology"},"geometry":{"type":"Point","coordinates":[-94.7539,38.7075]}},{"type":"Feature","properties":{"kind":"network_node","bus_ids":"64396","states":"KS","counties":"p20091","max_voltage_kv":161,"branch_count":3,"representation":"Co-located buses in the provisional PyPSA-USA topology"},"geometry":{"type":"Point","coordinates":[-94.6187,39.005]}},{"type":"Feature","properties":{"kind":"network_node","bus_ids":"57777","states":"MO","counties":"p29095","max_voltage_kv":161,"branch_count":1,"representation":"Co-located buses in the provisional PyPSA-USA topology"},"geometry":{"type":"Point","coordinates":[-94.602,38.9662]}},{"type":"Feature","properties":{"kind":"network_node","bus_ids":"64404","states":"KS","counties":"p20091","max_voltage_kv":161,"branch_count":4,"representation":"Co-located buses in the provisional PyPSA-USA topology"},"geometry":{"type":"Point","coordinates":[-94.6327,38.9434]}},{"type":"Feature","properties":{"kind":"network_node","bus_ids":"57787","states":"MO","counties":"p29095","max_voltage_kv":161,"branch_count":1,"representation":"Co-located buses in the provisional PyPSA-USA topology"},"geometry":{"type":"Point","coordinates":[-94.5898,39.0297]}},{"type":"Feature","properties":{"kind":"network_node","bus_ids":"57833","states":"MO","counties":"p29095","max_voltage_kv":161,"branch_count":1,"representation":"Co-located buses in the provisional PyPSA-USA topology"},"geometry":{"type":"Point","coordinates":[-94.5871,38.8833]}},{"type":"Feature","properties":{"kind":"network_node","bus_ids":"57837","states":"KS","counties":"p20091","max_voltage_kv":161,"branch_count":5,"representation":"Co-located buses in the provisional PyPSA-USA topology"},"geometry":{"type":"Point","coordinates":[-94.6902,38.975]}},{"type":"Feature","properties":{"kind":"network_node","bus_ids":"64362","states":"KS","counties":"p20091","max_voltage_kv":161,"branch_count":5,"representation":"Co-located buses in the provisional PyPSA-USA topology"},"geometry":{"type":"Point","coordinates":[-94.8185,38.9298]}},{"type":"Feature","properties":{"kind":"network_node","bus_ids":"64397","states":"KS","counties":"p20091","max_voltage_kv":161,"branch_count":2,"representation":"Co-located buses in the provisional PyPSA-USA topology"},"geometry":{"type":"Point","coordinates":[-94.7009,38.9512]}},{"type":"Feature","properties":{"kind":"network_node","bus_ids":"64435","states":"KS","counties":"p20091","max_voltage_kv":161,"branch_count":1,"representation":"Co-located buses in the provisional PyPSA-USA topology"},"geometry":{"type":"Point","coordinates":[-94.68,39.0009]}},{"type":"Feature","properties":{"kind":"network_node","bus_ids":"64444","states":"KS","counties":"p20091","max_voltage_kv":161,"branch_count":2,"representation":"Co-located buses in the provisional PyPSA-USA topology"},"geometry":{"type":"Point","coordinates":[-94.7375,38.9577]}},{"type":"Feature","properties":{"kind":"network_node","bus_ids":"65783","states":"KS","counties":"p20209","max_voltage_kv":161,"branch_count":3,"representation":"Co-located buses in the provisional PyPSA-USA topology"},"geometry":{"type":"Point","coordinates":[-94.6198,39.0718]}},{"type":"Feature","properties":{"kind":"network_node","bus_ids":"57892","states":"MO","counties":"p29097","max_voltage_kv":161,"branch_count":1,"representation":"Co-located buses in the provisional PyPSA-USA topology"},"geometry":{"type":"Point","coordinates":[-94.4504,37.1788]}},{"type":"Feature","properties":{"kind":"network_node","bus_ids":"58348, 58347, 58354, 58355","states":"KS","counties":"p20021","max_voltage_kv":500,"branch_count":10,"representation":"Co-located buses in the provisional PyPSA-USA topology"},"geometry":{"type":"Point","coordinates":[-94.6573,37.0498]}},{"type":"Feature","properties":{"kind":"network_node","bus_ids":"58400","states":"KS","counties":"p20021","max_voltage_kv":161,"branch_count":2,"representation":"Co-located buses in the provisional PyPSA-USA topology"},"geometry":{"type":"Point","coordinates":[-94.6279,37.0633]}},{"type":"Feature","properties":{"kind":"network_node","bus_ids":"57894","states":"MO","counties":"p29097","max_voltage_kv":161,"branch_count":1,"representation":"Co-located buses in the provisional PyPSA-USA topology"},"geometry":{"type":"Point","coordinates":[-94.4782,37.0568]}},{"type":"Feature","properties":{"kind":"network_node","bus_ids":"63827","states":"KS","counties":"p20021","max_voltage_kv":161,"branch_count":2,"representation":"Co-located buses in the provisional PyPSA-USA topology"},"geometry":{"type":"Point","coordinates":[-94.6463,37.3057]}},{"type":"Feature","properties":{"kind":"network_node","bus_ids":"57895","states":"MO","counties":"p29097","max_voltage_kv":161,"branch_count":1,"representation":"Co-located buses in the provisional PyPSA-USA topology"},"geometry":{"type":"Point","coordinates":[-94.514,37.186]}},{"type":"Feature","properties":{"kind":"network_node","bus_ids":"57898","states":"OK","counties":"p40115","max_voltage_kv":161,"branch_count":1,"representation":"Co-located buses in the provisional PyPSA-USA topology"},"geometry":{"type":"Point","coordinates":[-94.6393,36.9898]}},{"type":"Feature","properties":{"kind":"network_node","bus_ids":"58102","states":"MO","counties":"p29165","max_voltage_kv":161,"branch_count":1,"representation":"Co-located buses in the provisional PyPSA-USA topology"},"geometry":{"type":"Point","coordinates":[-94.6837,39.2579]}},{"type":"Feature","properties":{"kind":"network_node","bus_ids":"58212, 58211","states":"KS","counties":"p20103","max_voltage_kv":500,"branch_count":7,"representation":"Co-located buses in the provisional PyPSA-USA topology"},"geometry":{"type":"Point","coordinates":[-94.9878,39.4132]}},{"type":"Feature","properties":{"kind":"network_node","bus_ids":"58115","states":"MO","counties":"p29165","max_voltage_kv":161,"branch_count":1,"representation":"Co-located buses in the provisional PyPSA-USA topology"},"geometry":{"type":"Point","coordinates":[-94.8151,39.3849]}},{"type":"Feature","properties":{"kind":"network_node","bus_ids":"63630, 63629","states":"KS","counties":"p20005","max_voltage_kv":500,"branch_count":4,"representation":"Co-located buses in the provisional PyPSA-USA topology"},"geometry":{"type":"Point","coordinates":[-95.1748,39.5533]}},{"type":"Feature","properties":{"kind":"network_node","bus_ids":"58117","states":"MO","counties":"p29021","max_voltage_kv":161,"branch_count":1,"representation":"Co-located buses in the provisional PyPSA-USA topology"},"geometry":{"type":"Point","coordinates":[-94.9378,39.5404]}},{"type":"Feature","properties":{"kind":"network_node","bus_ids":"58183","states":"MO","counties":"p29217","max_voltage_kv":500,"branch_count":1,"representation":"Co-located buses in the provisional PyPSA-USA topology"},"geometry":{"type":"Point","coordinates":[-94.2272,37.8095]}},{"type":"Feature","properties":{"kind":"network_node","bus_ids":"63833, 63829","states":"KS","counties":"p20037","max_voltage_kv":500,"branch_count":7,"representation":"Co-located buses in the provisional PyPSA-USA topology"},"geometry":{"type":"Point","coordinates":[-94.7059,37.3988]}},{"type":"Feature","properties":{"kind":"network_node","bus_ids":"64457, 64460","states":"KS","counties":"p20091","max_voltage_kv":500,"branch_count":5,"representation":"Co-located buses in the provisional PyPSA-USA topology"},"geometry":{"type":"Point","coordinates":[-94.8554,38.9749]}},{"type":"Feature","properties":{"kind":"network_node","bus_ids":"64550, 64553","states":"KS","counties":"p20103","max_voltage_kv":500,"branch_count":5,"representation":"Co-located buses in the provisional PyPSA-USA topology"},"geometry":{"type":"Point","coordinates":[-94.9472,39.1645]}},{"type":"Feature","properties":{"kind":"network_node","bus_ids":"64561","states":"KS","counties":"p20103","max_voltage_kv":161,"branch_count":2,"representation":"Co-located buses in the provisional PyPSA-USA topology"},"geometry":{"type":"Point","coordinates":[-95.0291,39.323]}},{"type":"Feature","properties":{"kind":"network_node","bus_ids":"64567","states":"KS","counties":"p20103","max_voltage_kv":161,"branch_count":1,"representation":"Co-located buses in the provisional PyPSA-USA topology"},"geometry":{"type":"Point","coordinates":[-94.9393,39.3233]}},{"type":"Feature","properties":{"kind":"network_node","bus_ids":"65850, 65844","states":"KS","counties":"p20107","max_voltage_kv":500,"branch_count":2,"representation":"Co-located buses in the provisional PyPSA-USA topology"},"geometry":{"type":"Point","coordinates":[-94.6523,38.3779]}},{"type":"Feature","properties":{"kind":"network_node","bus_ids":"63994","states":"KS","counties":"p20043","max_voltage_kv":161,"branch_count":1,"representation":"Co-located buses in the provisional PyPSA-USA topology"},"geometry":{"type":"Point","coordinates":[-94.9732,39.7397]}},{"type":"Feature","properties":{"kind":"network_node","bus_ids":"63587","states":"OK","counties":"p40097","max_voltage_kv":345,"branch_count":1,"representation":"Co-located buses in the provisional PyPSA-USA topology"},"geometry":{"type":"Point","coordinates":[-95.0322,36.4309]}},{"type":"Feature","properties":{"kind":"network_node","bus_ids":"65359, 65358, 65351","states":"KS","counties":"p20021","max_voltage_kv":500,"branch_count":6,"representation":"Co-located buses in the provisional PyPSA-USA topology"},"geometry":{"type":"Point","coordinates":[-94.7141,37.1148]}},{"type":"Feature","properties":{"kind":"network_node","bus_ids":"65937, 65934","states":"KS","counties":"p20021","max_voltage_kv":161,"branch_count":3,"representation":"Co-located buses in the provisional PyPSA-USA topology"},"geometry":{"type":"Point","coordinates":[-94.6959,37.047]}},{"type":"Feature","properties":{"kind":"network_node","bus_ids":"58406, 58407","states":"MO","counties":"p29097","max_voltage_kv":500,"branch_count":4,"representation":"Co-located buses in the provisional PyPSA-USA topology"},"geometry":{"type":"Point","coordinates":[-94.592,37.3213]}},{"type":"Feature","properties":{"kind":"network_node","bus_ids":"63835","states":"KS","counties":"p20037","max_voltage_kv":161,"branch_count":2,"representation":"Co-located buses in the provisional PyPSA-USA topology"},"geometry":{"type":"Point","coordinates":[-94.7317,37.3554]}},{"type":"Feature","properties":{"kind":"network_node","bus_ids":"65198","states":"KS","counties":"p20209","max_voltage_kv":161,"branch_count":2,"representation":"Co-located buses in the provisional PyPSA-USA topology"},"geometry":{"type":"Point","coordinates":[-94.6342,39.0977]}},{"type":"Feature","properties":{"kind":"network_node","bus_ids":"58561","states":"MO","counties":"p29165","max_voltage_kv":500,"branch_count":1,"representation":"Co-located buses in the provisional PyPSA-USA topology"},"geometry":{"type":"Point","coordinates":[-94.6815,39.3145]}},{"type":"Feature","properties":{"kind":"network_node","bus_ids":"62056","states":"OK","counties":"p40139","max_voltage_kv":115,"branch_count":1,"representation":"Co-located buses in the provisional PyPSA-USA topology"},"geometry":{"type":"Point","coordinates":[-100.947,36.9129]}},{"type":"Feature","properties":{"kind":"network_node","bus_ids":"65043, 65046","states":"KS","counties":"p20175","max_voltage_kv":161,"branch_count":3,"representation":"Co-located buses in the provisional PyPSA-USA topology"},"geometry":{"type":"Point","coordinates":[-100.946,37.0641]}},{"type":"Feature","properties":{"kind":"network_node","bus_ids":"62341, 62343","states":"OK","counties":"p40115","max_voltage_kv":345,"branch_count":3,"representation":"Co-located buses in the provisional PyPSA-USA topology"},"geometry":{"type":"Point","coordinates":[-94.9162,36.8695]}},{"type":"Feature","properties":{"kind":"network_node","bus_ids":"64522, 64517, 64519","states":"KS","counties":"p20099","max_voltage_kv":500,"branch_count":6,"representation":"Co-located buses in the provisional PyPSA-USA topology"},"geometry":{"type":"Point","coordinates":[-95.1909,37.2993]}},{"type":"Feature","properties":{"kind":"network_node","bus_ids":"63810","states":"KS","counties":"p20021","max_voltage_kv":161,"branch_count":2,"representation":"Co-located buses in the provisional PyPSA-USA topology"},"geometry":{"type":"Point","coordinates":[-94.9623,37.0935]}},{"type":"Feature","properties":{"kind":"network_node","bus_ids":"62355","states":"OK","counties":"p40035","max_voltage_kv":115,"branch_count":1,"representation":"Co-located buses in the provisional PyPSA-USA topology"},"geometry":{"type":"Point","coordinates":[-95.2045,36.6535]}},{"type":"Feature","properties":{"kind":"network_node","bus_ids":"65250, 65251, 65246","states":"KS","counties":"p20035","max_voltage_kv":500,"branch_count":6,"representation":"Co-located buses in the provisional PyPSA-USA topology"},"geometry":{"type":"Point","coordinates":[-96.9961,37.2567]}},{"type":"Feature","properties":{"kind":"network_node","bus_ids":"62436","states":"OK","counties":"p40047","max_voltage_kv":345,"branch_count":1,"representation":"Co-located buses in the provisional PyPSA-USA topology"},"geometry":{"type":"Point","coordinates":[-97.9852,36.4995]}},{"type":"Feature","properties":{"kind":"network_node","bus_ids":"63916, 63915","states":"KS","counties":"p20035","max_voltage_kv":161,"branch_count":4,"representation":"Co-located buses in the provisional PyPSA-USA topology"},"geometry":{"type":"Point","coordinates":[-96.9529,37.0142]}},{"type":"Feature","properties":{"kind":"network_node","bus_ids":"62559","states":"OK","counties":"p40071","max_voltage_kv":115,"branch_count":1,"representation":"Co-located buses in the provisional PyPSA-USA topology"},"geometry":{"type":"Point","coordinates":[-96.9617,36.8869]}},{"type":"Feature","properties":{"kind":"network_node","bus_ids":"63017","states":"OK","counties":"p40139","max_voltage_kv":115,"branch_count":2,"representation":"Co-located buses in the provisional PyPSA-USA topology"},"geometry":{"type":"Point","coordinates":[-101.224,36.8279]}},{"type":"Feature","properties":{"kind":"network_node","bus_ids":"65040, 65035","states":"KS","counties":"p20189","max_voltage_kv":161,"branch_count":6,"representation":"Co-located buses in the provisional PyPSA-USA topology"},"geometry":{"type":"Point","coordinates":[-101.079,37.0808]}},{"type":"Feature","properties":{"kind":"network_node","bus_ids":"63018","states":"KS","counties":"p20189","max_voltage_kv":115,"branch_count":1,"representation":"Co-located buses in the provisional PyPSA-USA topology"},"geometry":{"type":"Point","coordinates":[-101.092,37.0398]}},{"type":"Feature","properties":{"kind":"network_node","bus_ids":"65772, 65777, 65776","states":"KS","counties":"p20125","max_voltage_kv":500,"branch_count":5,"representation":"Co-located buses in the provisional PyPSA-USA topology"},"geometry":{"type":"Point","coordinates":[-95.5867,37.0631]}},{"type":"Feature","properties":{"kind":"network_node","bus_ids":"63119, 63123","states":"OK","counties":"p40147","max_voltage_kv":345,"branch_count":3,"representation":"Co-located buses in the provisional PyPSA-USA topology"},"geometry":{"type":"Point","coordinates":[-95.9125,36.6728]}},{"type":"Feature","properties":{"kind":"network_node","bus_ids":"63800","states":"KS","counties":"p20019","max_voltage_kv":161,"branch_count":3,"representation":"Co-located buses in the provisional PyPSA-USA topology"},"geometry":{"type":"Point","coordinates":[-96.2339,37.141]}},{"type":"Feature","properties":{"kind":"network_node","bus_ids":"64671","states":"KS","counties":"p20125","max_voltage_kv":161,"branch_count":3,"representation":"Co-located buses in the provisional PyPSA-USA topology"},"geometry":{"type":"Point","coordinates":[-95.8629,37.0281]}},{"type":"Feature","properties":{"kind":"network_node","bus_ids":"63400","states":"OK","counties":"p40131","max_voltage_kv":500,"branch_count":1,"representation":"Co-located buses in the provisional PyPSA-USA topology"},"geometry":{"type":"Point","coordinates":[-95.6854,36.3923]}},{"type":"Feature","properties":{"kind":"network_node","bus_ids":"63454","states":"OK","counties":"p40103","max_voltage_kv":500,"branch_count":1,"representation":"Co-located buses in the provisional PyPSA-USA topology"},"geometry":{"type":"Point","coordinates":[-97.0898,36.4494]}},{"type":"Feature","properties":{"kind":"network_node","bus_ids":"64955, 64950","states":"KS","counties":"p20173","max_voltage_kv":500,"branch_count":9,"representation":"Co-located buses in the provisional PyPSA-USA topology"},"geometry":{"type":"Point","coordinates":[-97.3148,37.8128]}},{"type":"Feature","properties":{"kind":"network_node","bus_ids":"63620","states":"KS","counties":"p20011","max_voltage_kv":161,"branch_count":3,"representation":"Co-located buses in the provisional PyPSA-USA topology"},"geometry":{"type":"Point","coordinates":[-95.0376,37.8912]}},{"type":"Feature","properties":{"kind":"network_node","bus_ids":"64578","states":"KS","counties":"p20107","max_voltage_kv":161,"branch_count":2,"representation":"Co-located buses in the provisional PyPSA-USA topology"},"geometry":{"type":"Point","coordinates":[-94.896,38.204]}},{"type":"Feature","properties":{"kind":"network_node","bus_ids":"65380","states":"KS","counties":"p20001","max_voltage_kv":161,"branch_count":2,"representation":"Co-located buses in the provisional PyPSA-USA topology"},"geometry":{"type":"Point","coordinates":[-95.4584,37.9362]}},{"type":"Feature","properties":{"kind":"network_node","bus_ids":"65478","states":"KS","counties":"p20133","max_voltage_kv":161,"branch_count":3,"representation":"Co-located buses in the provisional PyPSA-USA topology"},"geometry":{"type":"Point","coordinates":[-95.2412,37.593]}},{"type":"Feature","properties":{"kind":"network_node","bus_ids":"64145, 64146","states":"KS","counties":"p20059","max_voltage_kv":500,"branch_count":5,"representation":"Co-located buses in the provisional PyPSA-USA topology"},"geometry":{"type":"Point","coordinates":[-95.2527,38.5164]}},{"type":"Feature","properties":{"kind":"network_node","bus_ids":"63624","states":"KS","counties":"p20003","max_voltage_kv":161,"branch_count":1,"representation":"Co-located buses in the provisional PyPSA-USA topology"},"geometry":{"type":"Point","coordinates":[-95.2345,38.3298]}},{"type":"Feature","properties":{"kind":"network_node","bus_ids":"63633","states":"KS","counties":"p20005","max_voltage_kv":161,"branch_count":1,"representation":"Co-located buses in the provisional PyPSA-USA topology"},"geometry":{"type":"Point","coordinates":[-95.131,39.4925]}},{"type":"Feature","properties":{"kind":"network_node","bus_ids":"63649","states":"KS","counties":"p20013","max_voltage_kv":161,"branch_count":1,"representation":"Co-located buses in the provisional PyPSA-USA topology"},"geometry":{"type":"Point","coordinates":[-95.4526,39.6529]}},{"type":"Feature","properties":{"kind":"network_node","bus_ids":"63638","states":"KS","counties":"p20085","max_voltage_kv":161,"branch_count":1,"representation":"Co-located buses in the provisional PyPSA-USA topology"},"geometry":{"type":"Point","coordinates":[-95.6838,39.5635]}},{"type":"Feature","properties":{"kind":"network_node","bus_ids":"65263","states":"KS","counties":"p20085","max_voltage_kv":161,"branch_count":2,"representation":"Co-located buses in the provisional PyPSA-USA topology"},"geometry":{"type":"Point","coordinates":[-95.7316,39.4487]}},{"type":"Feature","properties":{"kind":"network_node","bus_ids":"63645","states":"KS","counties":"p20085","max_voltage_kv":161,"branch_count":1,"representation":"Co-located buses in the provisional PyPSA-USA topology"},"geometry":{"type":"Point","coordinates":[-95.8121,39.329]}},{"type":"Feature","properties":{"kind":"network_node","bus_ids":"64277","states":"KS","counties":"p20149","max_voltage_kv":161,"branch_count":3,"representation":"Co-located buses in the provisional PyPSA-USA topology"},"geometry":{"type":"Point","coordinates":[-96.0515,39.2221]}},{"type":"Feature","properties":{"kind":"network_node","bus_ids":"63662","states":"KS","counties":"p20007","max_voltage_kv":161,"branch_count":3,"representation":"Co-located buses in the provisional PyPSA-USA topology"},"geometry":{"type":"Point","coordinates":[-98.7393,37.249]}},{"type":"Feature","properties":{"kind":"network_node","bus_ids":"63660","states":"KS","counties":"p20007","max_voltage_kv":161,"branch_count":1,"representation":"Co-located buses in the provisional PyPSA-USA topology"},"geometry":{"type":"Point","coordinates":[-98.4799,37.0154]}},{"type":"Feature","properties":{"kind":"network_node","bus_ids":"63897","states":"KS","counties":"p20033","max_voltage_kv":161,"branch_count":1,"representation":"Co-located buses in the provisional PyPSA-USA topology"},"geometry":{"type":"Point","coordinates":[-99.2968,37.0439]}},{"type":"Feature","properties":{"kind":"network_node","bus_ids":"65631, 65628","states":"KS","counties":"p20007","max_voltage_kv":500,"branch_count":5,"representation":"Co-located buses in the provisional PyPSA-USA topology"},"geometry":{"type":"Point","coordinates":[-98.4621,37.3621]}},{"type":"Feature","properties":{"kind":"network_node","bus_ids":"63676","states":"KS","counties":"p20185","max_voltage_kv":161,"branch_count":3,"representation":"Co-located buses in the provisional PyPSA-USA topology"},"geometry":{"type":"Point","coordinates":[-98.7409,38.2563]}},{"type":"Feature","properties":{"kind":"network_node","bus_ids":"63671","states":"KS","counties":"p20009","max_voltage_kv":161,"branch_count":2,"representation":"Co-located buses in the provisional PyPSA-USA topology"},"geometry":{"type":"Point","coordinates":[-98.7535,38.3993]}},{"type":"Feature","properties":{"kind":"network_node","bus_ids":"65678","states":"KS","counties":"p20009","max_voltage_kv":161,"branch_count":3,"representation":"Co-located buses in the provisional PyPSA-USA topology"},"geometry":{"type":"Point","coordinates":[-98.7765,38.4992]}},{"type":"Feature","properties":{"kind":"network_node","bus_ids":"63678","states":"KS","counties":"p20009","max_voltage_kv":161,"branch_count":4,"representation":"Co-located buses in the provisional PyPSA-USA topology"},"geometry":{"type":"Point","coordinates":[-98.8307,38.2937]}},{"type":"Feature","properties":{"kind":"network_node","bus_ids":"65959","states":"KS","counties":"p20185","max_voltage_kv":161,"branch_count":2,"representation":"Co-located buses in the provisional PyPSA-USA topology"},"geometry":{"type":"Point","coordinates":[-98.72,38.0128]}},{"type":"Feature","properties":{"kind":"network_node","bus_ids":"65552, 65553","states":"KS","counties":"p20009","max_voltage_kv":500,"branch_count":3,"representation":"Co-located buses in the provisional PyPSA-USA topology"},"geometry":{"type":"Point","coordinates":[-98.882,38.4327]}},{"type":"Feature","properties":{"kind":"network_node","bus_ids":"65626","states":"KS","counties":"p20185","max_voltage_kv":161,"branch_count":4,"representation":"Co-located buses in the provisional PyPSA-USA topology"},"geometry":{"type":"Point","coordinates":[-98.6158,37.9686]}},{"type":"Feature","properties":{"kind":"network_node","bus_ids":"65945","states":"KS","counties":"p20145","max_voltage_kv":161,"branch_count":2,"representation":"Co-located buses in the provisional PyPSA-USA topology"},"geometry":{"type":"Point","coordinates":[-99.1274,38.1833]}},{"type":"Feature","properties":{"kind":"network_node","bus_ids":"65392","states":"KS","counties":"p20167","max_voltage_kv":161,"branch_count":2,"representation":"Co-located buses in the provisional PyPSA-USA topology"},"geometry":{"type":"Point","coordinates":[-98.8574,38.8959]}},{"type":"Feature","properties":{"kind":"network_node","bus_ids":"63683","states":"KS","counties":"p20009","max_voltage_kv":161,"branch_count":2,"representation":"Co-located buses in the provisional PyPSA-USA topology"},"geometry":{"type":"Point","coordinates":[-98.7596,38.603]}},{"type":"Feature","properties":{"kind":"network_node","bus_ids":"63704","states":"KS","counties":"p20013","max_voltage_kv":161,"branch_count":1,"representation":"Co-located buses in the provisional PyPSA-USA topology"},"geometry":{"type":"Point","coordinates":[-95.5855,39.877]}},{"type":"Feature","properties":{"kind":"network_node","bus_ids":"65587, 65592","states":"KS","counties":"p20131","max_voltage_kv":500,"branch_count":4,"representation":"Co-located buses in the provisional PyPSA-USA topology"},"geometry":{"type":"Point","coordinates":[-95.8121,39.955]}},{"type":"Feature","properties":{"kind":"network_node","bus_ids":"63706","states":"KS","counties":"p20131","max_voltage_kv":161,"branch_count":2,"representation":"Co-located buses in the provisional PyPSA-USA topology"},"geometry":{"type":"Point","coordinates":[-95.8173,39.8692]}},{"type":"Feature","properties":{"kind":"network_node","bus_ids":"64705","states":"KS","counties":"p20131","max_voltage_kv":161,"branch_count":2,"representation":"Co-located buses in the provisional PyPSA-USA topology"},"geometry":{"type":"Point","coordinates":[-96.0657,39.8412]}},{"type":"Feature","properties":{"kind":"network_node","bus_ids":"63712","states":"KS","counties":"p20015","max_voltage_kv":161,"branch_count":1,"representation":"Co-located buses in the provisional PyPSA-USA topology"},"geometry":{"type":"Point","coordinates":[-97.1465,37.7595]}},{"type":"Feature","properties":{"kind":"network_node","bus_ids":"64957, 64956","states":"KS","counties":"p20173","max_voltage_kv":500,"branch_count":9,"representation":"Co-located buses in the provisional PyPSA-USA topology"},"geometry":{"type":"Point","coordinates":[-97.1917,37.668]}},{"type":"Feature","properties":{"kind":"network_node","bus_ids":"63719","states":"KS","counties":"p20015","max_voltage_kv":161,"branch_count":2,"representation":"Co-located buses in the provisional PyPSA-USA topology"},"geometry":{"type":"Point","coordinates":[-97.1043,37.6829]}},{"type":"Feature","properties":{"kind":"network_node","bus_ids":"65320","states":"KS","counties":"p20015","max_voltage_kv":161,"branch_count":3,"representation":"Co-located buses in the provisional PyPSA-USA topology"},"geometry":{"type":"Point","coordinates":[-96.9707,37.6556]}},{"type":"Feature","properties":{"kind":"network_node","bus_ids":"63725","states":"KS","counties":"p20015","max_voltage_kv":161,"branch_count":2,"representation":"Co-located buses in the provisional PyPSA-USA topology"},"geometry":{"type":"Point","coordinates":[-96.9213,37.7915]}},{"type":"Feature","properties":{"kind":"network_node","bus_ids":"63742","states":"KS","counties":"p20015","max_voltage_kv":161,"branch_count":4,"representation":"Co-located buses in the provisional PyPSA-USA topology"},"geometry":{"type":"Point","coordinates":[-96.711,37.8469]}},{"type":"Feature","properties":{"kind":"network_node","bus_ids":"65542, 65541","states":"KS","counties":"p20015","max_voltage_kv":500,"branch_count":3,"representation":"Co-located buses in the provisional PyPSA-USA topology"},"geometry":{"type":"Point","coordinates":[-96.867,37.8003]}},{"type":"Feature","properties":{"kind":"network_node","bus_ids":"63733","states":"KS","counties":"p20015","max_voltage_kv":161,"branch_count":4,"representation":"Co-located buses in the provisional PyPSA-USA topology"},"geometry":{"type":"Point","coordinates":[-96.9629,37.5223]}},{"type":"Feature","properties":{"kind":"network_node","bus_ids":"64062","states":"KS","counties":"p20073","max_voltage_kv":161,"branch_count":2,"representation":"Co-located buses in the provisional PyPSA-USA topology"},"geometry":{"type":"Point","coordinates":[-96.0639,37.6204]}},{"type":"Feature","properties":{"kind":"network_node","bus_ids":"65230, 65232","states":"KS","counties":"p20015","max_voltage_kv":500,"branch_count":4,"representation":"Co-located buses in the provisional PyPSA-USA topology"},"geometry":{"type":"Point","coordinates":[-96.5638,37.5445]}},{"type":"Feature","properties":{"kind":"network_node","bus_ids":"63744","states":"KS","counties":"p20015","max_voltage_kv":161,"branch_count":5,"representation":"Co-located buses in the provisional PyPSA-USA topology"},"geometry":{"type":"Point","coordinates":[-96.7443,37.8952]}},{"type":"Feature","properties":{"kind":"network_node","bus_ids":"64215","states":"KS","counties":"p20073","max_voltage_kv":161,"branch_count":2,"representation":"Co-located buses in the provisional PyPSA-USA topology"},"geometry":{"type":"Point","coordinates":[-96.3147,37.8557]}},{"type":"Feature","properties":{"kind":"network_node","bus_ids":"63757","states":"KS","counties":"p20079","max_voltage_kv":161,"branch_count":4,"representation":"Co-located buses in the provisional PyPSA-USA topology"},"geometry":{"type":"Point","coordinates":[-97.2609,38.0754]}},{"type":"Feature","properties":{"kind":"network_node","bus_ids":"63938","states":"KS","counties":"p20035","max_voltage_kv":161,"branch_count":3,"representation":"Co-located buses in the provisional PyPSA-USA topology"},"geometry":{"type":"Point","coordinates":[-96.9607,37.3202]}},{"type":"Feature","properties":{"kind":"network_node","bus_ids":"64244","states":"KS","counties":"p20113","max_voltage_kv":161,"branch_count":2,"representation":"Co-located buses in the provisional PyPSA-USA topology"},"geometry":{"type":"Point","coordinates":[-97.4893,38.2282]}},{"type":"Feature","properties":{"kind":"network_node","bus_ids":"65027","states":"KS","counties":"p20173","max_voltage_kv":161,"branch_count":2,"representation":"Co-located buses in the provisional PyPSA-USA topology"},"geometry":{"type":"Point","coordinates":[-97.1797,37.8465]}},{"type":"Feature","properties":{"kind":"network_node","bus_ids":"63756","states":"KS","counties":"p20079","max_voltage_kv":161,"branch_count":2,"representation":"Co-located buses in the provisional PyPSA-USA topology"},"geometry":{"type":"Point","coordinates":[-97.3388,37.9715]}},{"type":"Feature","properties":{"kind":"network_node","bus_ids":"63763, 63764","states":"KS","counties":"p20079","max_voltage_kv":500,"branch_count":4,"representation":"Co-located buses in the provisional PyPSA-USA topology"},"geometry":{"type":"Point","coordinates":[-97.3595,38.1157]}},{"type":"Feature","properties":{"kind":"network_node","bus_ids":"64249","states":"KS","counties":"p20115","max_voltage_kv":161,"branch_count":2,"representation":"Co-located buses in the provisional PyPSA-USA topology"},"geometry":{"type":"Point","coordinates":[-97.0355,38.2257]}},{"type":"Feature","properties":{"kind":"network_node","bus_ids":"65665, 65666","states":"KS","counties":"p20173","max_voltage_kv":500,"branch_count":5,"representation":"Co-located buses in the provisional PyPSA-USA topology"},"geometry":{"type":"Point","coordinates":[-97.5541,37.8266]}},{"type":"Feature","properties":{"kind":"network_node","bus_ids":"65975, 65973","states":"KS","counties":"p20113","max_voltage_kv":500,"branch_count":5,"representation":"Co-located buses in the provisional PyPSA-USA topology"},"geometry":{"type":"Point","coordinates":[-97.7074,38.3428]}},{"type":"Feature","properties":{"kind":"network_node","bus_ids":"63777","states":"KS","counties":"p20127","max_voltage_kv":161,"branch_count":2,"representation":"Co-located buses in the provisional PyPSA-USA topology"},"geometry":{"type":"Point","coordinates":[-96.4885,38.6577]}},{"type":"Feature","properties":{"kind":"network_node","bus_ids":"63791","states":"KS","counties":"p20017","max_voltage_kv":161,"branch_count":2,"representation":"Co-located buses in the provisional PyPSA-USA topology"},"geometry":{"type":"Point","coordinates":[-96.4881,38.4501]}},{"type":"Feature","properties":{"kind":"network_node","bus_ids":"64617","states":"KS","counties":"p20115","max_voltage_kv":161,"branch_count":3,"representation":"Co-located buses in the provisional PyPSA-USA topology"},"geometry":{"type":"Point","coordinates":[-96.9364,38.3554]}},{"type":"Feature","properties":{"kind":"network_node","bus_ids":"63787","states":"KS","counties":"p20111","max_voltage_kv":161,"branch_count":2,"representation":"Co-located buses in the provisional PyPSA-USA topology"},"geometry":{"type":"Point","coordinates":[-96.2052,38.4229]}},{"type":"Feature","properties":{"kind":"network_node","bus_ids":"63786","states":"KS","counties":"p20111","max_voltage_kv":161,"branch_count":2,"representation":"Co-located buses in the provisional PyPSA-USA topology"},"geometry":{"type":"Point","coordinates":[-96.2647,38.3897]}},{"type":"Feature","properties":{"kind":"network_node","bus_ids":"64219","states":"KS","counties":"p20073","max_voltage_kv":161,"branch_count":2,"representation":"Co-located buses in the provisional PyPSA-USA topology"},"geometry":{"type":"Point","coordinates":[-96.1955,38.129]}},{"type":"Feature","properties":{"kind":"network_node","bus_ids":"65648, 65649","states":"KS","counties":"p20111","max_voltage_kv":500,"branch_count":3,"representation":"Co-located buses in the provisional PyPSA-USA topology"},"geometry":{"type":"Point","coordinates":[-96.0499,38.4179]}},{"type":"Feature","properties":{"kind":"network_node","bus_ids":"64613","states":"KS","counties":"p20115","max_voltage_kv":161,"branch_count":2,"representation":"Co-located buses in the provisional PyPSA-USA topology"},"geometry":{"type":"Point","coordinates":[-97.2425,38.3981]}},{"type":"Feature","properties":{"kind":"network_node","bus_ids":"64884","states":"KS","counties":"p20191","max_voltage_kv":161,"branch_count":2,"representation":"Co-located buses in the provisional PyPSA-USA topology"},"geometry":{"type":"Point","coordinates":[-97.6984,37.3894]}},{"type":"Feature","properties":{"kind":"network_node","bus_ids":"65156","states":"KS","counties":"p20191","max_voltage_kv":161,"branch_count":2,"representation":"Co-located buses in the provisional PyPSA-USA topology"},"geometry":{"type":"Point","coordinates":[-97.6575,37.0562]}},{"type":"Feature","properties":{"kind":"network_node","bus_ids":"63823","states":"KS","counties":"p20099","max_voltage_kv":161,"branch_count":2,"representation":"Co-located buses in the provisional PyPSA-USA topology"},"geometry":{"type":"Point","coordinates":[-95.1162,37.1403]}},{"type":"Feature","properties":{"kind":"network_node","bus_ids":"64497","states":"KS","counties":"p20099","max_voltage_kv":161,"branch_count":3,"representation":"Co-located buses in the provisional PyPSA-USA topology"},"geometry":{"type":"Point","coordinates":[-95.2888,37.1045]}},{"type":"Feature","properties":{"kind":"network_node","bus_ids":"63838","states":"MO","counties":"p29011","max_voltage_kv":161,"branch_count":1,"representation":"Co-located buses in the provisional PyPSA-USA topology"},"geometry":{"type":"Point","coordinates":[-94.5966,37.3667]}},{"type":"Feature","properties":{"kind":"network_node","bus_ids":"65598","states":"KS","counties":"p20037","max_voltage_kv":161,"branch_count":1,"representation":"Co-located buses in the provisional PyPSA-USA topology"},"geometry":{"type":"Point","coordinates":[-94.847,37.5092]}},{"type":"Feature","properties":{"kind":"network_node","bus_ids":"63854","states":"KS","counties":"p20025","max_voltage_kv":161,"branch_count":2,"representation":"Co-located buses in the provisional PyPSA-USA topology"},"geometry":{"type":"Point","coordinates":[-99.979,37.3812]}},{"type":"Feature","properties":{"kind":"network_node","bus_ids":"65419","states":"KS","counties":"p20119","max_voltage_kv":161,"branch_count":2,"representation":"Co-located buses in the provisional PyPSA-USA topology"},"geometry":{"type":"Point","coordinates":[-100.307,37.2212]}},{"type":"Feature","properties":{"kind":"network_node","bus_ids":"65657","states":"KS","counties":"p20069","max_voltage_kv":161,"branch_count":4,"representation":"Co-located buses in the provisional PyPSA-USA topology"},"geometry":{"type":"Point","coordinates":[-100.264,37.5846]}},{"type":"Feature","properties":{"kind":"network_node","bus_ids":"63861","states":"KS","counties":"p20041","max_voltage_kv":161,"branch_count":2,"representation":"Co-located buses in the provisional PyPSA-USA topology"},"geometry":{"type":"Point","coordinates":[-97.2514,38.9737]}},{"type":"Feature","properties":{"kind":"network_node","bus_ids":"63863","states":"KS","counties":"p20027","max_voltage_kv":161,"branch_count":2,"representation":"Co-located buses in the provisional PyPSA-USA topology"},"geometry":{"type":"Point","coordinates":[-97.174,39.2554]}},{"type":"Feature","properties":{"kind":"network_node","bus_ids":"63962","states":"KS","counties":"p20041","max_voltage_kv":161,"branch_count":2,"representation":"Co-located buses in the provisional PyPSA-USA topology"},"geometry":{"type":"Point","coordinates":[-97.0616,38.9358]}},{"type":"Feature","properties":{"kind":"network_node","bus_ids":"65987","states":"KS","counties":"p20027","max_voltage_kv":161,"branch_count":1,"representation":"Co-located buses in the provisional PyPSA-USA topology"},"geometry":{"type":"Point","coordinates":[-97.1212,39.3808]}},{"type":"Feature","properties":{"kind":"network_node","bus_ids":"65754, 65753","states":"KS","counties":"p20029","max_voltage_kv":500,"branch_count":7,"representation":"Co-located buses in the provisional PyPSA-USA topology"},"geometry":{"type":"Point","coordinates":[-97.6868,39.4617]}},{"type":"Feature","properties":{"kind":"network_node","bus_ids":"63882","states":"KS","counties":"p20029","max_voltage_kv":161,"branch_count":2,"representation":"Co-located buses in the provisional PyPSA-USA topology"},"geometry":{"type":"Point","coordinates":[-97.7338,39.5852]}},{"type":"Feature","properties":{"kind":"network_node","bus_ids":"65834","states":"KS","counties":"p20123","max_voltage_kv":161,"branch_count":3,"representation":"Co-located buses in the provisional PyPSA-USA topology"},"geometry":{"type":"Point","coordinates":[-98.1212,39.4542]}},{"type":"Feature","properties":{"kind":"network_node","bus_ids":"63904","states":"KS","counties":"p20035","max_voltage_kv":161,"branch_count":3,"representation":"Co-located buses in the provisional PyPSA-USA topology"},"geometry":{"type":"Point","coordinates":[-97.016,37.0653]}},{"type":"Feature","properties":{"kind":"network_node","bus_ids":"63907","states":"OK","counties":"p40071","max_voltage_kv":161,"branch_count":2,"representation":"Co-located buses in the provisional PyPSA-USA topology"},"geometry":{"type":"Point","coordinates":[-97.0368,36.9615]}},{"type":"Feature","properties":{"kind":"network_node","bus_ids":"63933","states":"KS","counties":"p20035","max_voltage_kv":161,"branch_count":4,"representation":"Co-located buses in the provisional PyPSA-USA topology"},"geometry":{"type":"Point","coordinates":[-96.9877,37.1802]}},{"type":"Feature","properties":{"kind":"network_node","bus_ids":"63917","states":"KS","counties":"p20035","max_voltage_kv":161,"branch_count":5,"representation":"Co-located buses in the provisional PyPSA-USA topology"},"geometry":{"type":"Point","coordinates":[-96.9134,37.1519]}},{"type":"Feature","properties":{"kind":"network_node","bus_ids":"64067","states":"KS","counties":"p20205","max_voltage_kv":161,"branch_count":3,"representation":"Co-located buses in the provisional PyPSA-USA topology"},"geometry":{"type":"Point","coordinates":[-95.7577,37.5866]}},{"type":"Feature","properties":{"kind":"network_node","bus_ids":"63925","states":"KS","counties":"p20191","max_voltage_kv":161,"branch_count":3,"representation":"Co-located buses in the provisional PyPSA-USA topology"},"geometry":{"type":"Point","coordinates":[-97.2278,37.4524]}},{"type":"Feature","properties":{"kind":"network_node","bus_ids":"64895","states":"KS","counties":"p20173","max_voltage_kv":161,"branch_count":2,"representation":"Co-located buses in the provisional PyPSA-USA topology"},"geometry":{"type":"Point","coordinates":[-97.1947,37.5343]}},{"type":"Feature","properties":{"kind":"network_node","bus_ids":"64971","states":"KS","counties":"p20173","max_voltage_kv":161,"branch_count":4,"representation":"Co-located buses in the provisional PyPSA-USA topology"},"geometry":{"type":"Point","coordinates":[-97.2821,37.5814]}},{"type":"Feature","properties":{"kind":"network_node","bus_ids":"65438","states":"KS","counties":"p20191","max_voltage_kv":161,"branch_count":3,"representation":"Co-located buses in the provisional PyPSA-USA topology"},"geometry":{"type":"Point","coordinates":[-97.1515,37.2787]}},{"type":"Feature","properties":{"kind":"network_node","bus_ids":"64805","states":"KS","counties":"p20193","max_voltage_kv":161,"branch_count":2,"representation":"Co-located buses in the provisional PyPSA-USA topology"},"geometry":{"type":"Point","coordinates":[-100.751,39.5077]}},{"type":"Feature","properties":{"kind":"network_node","bus_ids":"63961","states":"KS","counties":"p20039","max_voltage_kv":161,"branch_count":2,"representation":"Co-located buses in the provisional PyPSA-USA topology"},"geometry":{"type":"Point","coordinates":[-100.554,39.8497]}},{"type":"Feature","properties":{"kind":"network_node","bus_ids":"66722","states":"NE","counties":"p31145","max_voltage_kv":161,"branch_count":1,"representation":"Co-located buses in the provisional PyPSA-USA topology"},"geometry":{"type":"Point","coordinates":[-100.732,40.2848]}},{"type":"Feature","properties":{"kind":"network_node","bus_ids":"63970","states":"KS","counties":"p20041","max_voltage_kv":161,"branch_count":3,"representation":"Co-located buses in the provisional PyPSA-USA topology"},"geometry":{"type":"Point","coordinates":[-96.9513,38.7066]}},{"type":"Feature","properties":{"kind":"network_node","bus_ids":"63974, 63977","states":"KS","counties":"p20061","max_voltage_kv":500,"branch_count":5,"representation":"Co-located buses in the provisional PyPSA-USA topology"},"geometry":{"type":"Point","coordinates":[-96.7728,38.8941]}},{"type":"Feature","properties":{"kind":"network_node","bus_ids":"63978","states":"KS","counties":"p20061","max_voltage_kv":161,"branch_count":2,"representation":"Co-located buses in the provisional PyPSA-USA topology"},"geometry":{"type":"Point","coordinates":[-96.8555,39.0116]}},{"type":"Feature","properties":{"kind":"network_node","bus_ids":"65161","states":"KS","counties":"p20197","max_voltage_kv":161,"branch_count":2,"representation":"Co-located buses in the provisional PyPSA-USA topology"},"geometry":{"type":"Point","coordinates":[-96.3372,38.9499]}},{"type":"Feature","properties":{"kind":"network_node","bus_ids":"64164, 64163","states":"KS","counties":"p20161","max_voltage_kv":500,"branch_count":7,"representation":"Co-located buses in the provisional PyPSA-USA topology"},"geometry":{"type":"Point","coordinates":[-96.5886,39.1937]}},{"type":"Feature","properties":{"kind":"network_node","bus_ids":"64161","states":"KS","counties":"p20161","max_voltage_kv":161,"branch_count":4,"representation":"Co-located buses in the provisional PyPSA-USA topology"},"geometry":{"type":"Point","coordinates":[-96.7665,39.1169]}},{"type":"Feature","properties":{"kind":"network_node","bus_ids":"67679","states":"NE","counties":"p31147","max_voltage_kv":161,"branch_count":1,"representation":"Co-located buses in the provisional PyPSA-USA topology"},"geometry":{"type":"Point","coordinates":[-95.6115,40.0744]}},{"type":"Feature","properties":{"kind":"network_node","bus_ids":"64019","states":"KS","counties":"p20045","max_voltage_kv":161,"branch_count":2,"representation":"Co-located buses in the provisional PyPSA-USA topology"},"geometry":{"type":"Point","coordinates":[-95.1517,38.8128]}},{"type":"Feature","properties":{"kind":"network_node","bus_ids":"64003","states":"KS","counties":"p20091","max_voltage_kv":161,"branch_count":2,"representation":"Co-located buses in the provisional PyPSA-USA topology"},"geometry":{"type":"Point","coordinates":[-95.0519,38.9089]}},{"type":"Feature","properties":{"kind":"network_node","bus_ids":"64365","states":"KS","counties":"p20091","max_voltage_kv":161,"branch_count":2,"representation":"Co-located buses in the provisional PyPSA-USA topology"},"geometry":{"type":"Point","coordinates":[-94.9355,38.9339]}},{"type":"Feature","properties":{"kind":"network_node","bus_ids":"64006","states":"KS","counties":"p20045","max_voltage_kv":161,"branch_count":2,"representation":"Co-located buses in the provisional PyPSA-USA topology"},"geometry":{"type":"Point","coordinates":[-95.2294,39.0212]}},{"type":"Feature","properties":{"kind":"network_node","bus_ids":"64009","states":"KS","counties":"p20045","max_voltage_kv":161,"branch_count":2,"representation":"Co-located buses in the provisional PyPSA-USA topology"},"geometry":{"type":"Point","coordinates":[-95.1894,38.978]}},{"type":"Feature","properties":{"kind":"network_node","bus_ids":"65708, 65700","states":"KS","counties":"p20045","max_voltage_kv":500,"branch_count":4,"representation":"Co-located buses in the provisional PyPSA-USA topology"},"geometry":{"type":"Point","coordinates":[-95.2729,39.0395]}},{"type":"Feature","properties":{"kind":"network_node","bus_ids":"64287","states":"KS","counties":"p20087","max_voltage_kv":161,"branch_count":2,"representation":"Co-located buses in the provisional PyPSA-USA topology"},"geometry":{"type":"Point","coordinates":[-95.1833,39.2392]}},{"type":"Feature","properties":{"kind":"network_node","bus_ids":"64137","states":"KS","counties":"p20045","max_voltage_kv":161,"branch_count":5,"representation":"Co-located buses in the provisional PyPSA-USA topology"},"geometry":{"type":"Point","coordinates":[-95.3029,38.7489]}},{"type":"Feature","properties":{"kind":"network_node","bus_ids":"64027","states":"KS","counties":"p20045","max_voltage_kv":161,"branch_count":1,"representation":"Co-located buses in the provisional PyPSA-USA topology"},"geometry":{"type":"Point","coordinates":[-95.3688,38.7999]}},{"type":"Feature","properties":{"kind":"network_node","bus_ids":"64033","states":"KS","counties":"p20045","max_voltage_kv":161,"branch_count":2,"representation":"Co-located buses in the provisional PyPSA-USA topology"},"geometry":{"type":"Point","coordinates":[-95.441,38.8782]}},{"type":"Feature","properties":{"kind":"network_node","bus_ids":"64042","states":"KS","counties":"p20045","max_voltage_kv":161,"branch_count":2,"representation":"Co-located buses in the provisional PyPSA-USA topology"},"geometry":{"type":"Point","coordinates":[-95.3749,39.0145]}},{"type":"Feature","properties":{"kind":"network_node","bus_ids":"64041","states":"KS","counties":"p20045","max_voltage_kv":161,"branch_count":2,"representation":"Co-located buses in the provisional PyPSA-USA topology"},"geometry":{"type":"Point","coordinates":[-95.3064,38.9843]}},{"type":"Feature","properties":{"kind":"network_node","bus_ids":"64045","states":"KS","counties":"p20045","max_voltage_kv":161,"branch_count":1,"representation":"Co-located buses in the provisional PyPSA-USA topology"},"geometry":{"type":"Point","coordinates":[-95.3124,38.9419]}},{"type":"Feature","properties":{"kind":"network_node","bus_ids":"64299","states":"KS","counties":"p20087","max_voltage_kv":161,"branch_count":2,"representation":"Co-located buses in the provisional PyPSA-USA topology"},"geometry":{"type":"Point","coordinates":[-95.4013,39.1]}},{"type":"Feature","properties":{"kind":"network_node","bus_ids":"64058","states":"KS","counties":"p20047","max_voltage_kv":161,"branch_count":3,"representation":"Co-located buses in the provisional PyPSA-USA topology"},"geometry":{"type":"Point","coordinates":[-99.4498,37.8651]}},{"type":"Feature","properties":{"kind":"network_node","bus_ids":"65329","states":"KS","counties":"p20057","max_voltage_kv":161,"branch_count":3,"representation":"Co-located buses in the provisional PyPSA-USA topology"},"geometry":{"type":"Point","coordinates":[-99.7955,37.8473]}},{"type":"Feature","properties":{"kind":"network_node","bus_ids":"65684","states":"KS","counties":"p20165","max_voltage_kv":161,"branch_count":2,"representation":"Co-located buses in the provisional PyPSA-USA topology"},"geometry":{"type":"Point","coordinates":[-99.2967,38.567]}},{"type":"Feature","properties":{"kind":"network_node","bus_ids":"65400, 65402","states":"KS","counties":"p20049","max_voltage_kv":500,"branch_count":2,"representation":"Co-located buses in the provisional PyPSA-USA topology"},"geometry":{"type":"Point","coordinates":[-96.3994,37.4582]}},{"type":"Feature","properties":{"kind":"network_node","bus_ids":"64682","states":"KS","counties":"p20205","max_voltage_kv":161,"branch_count":2,"representation":"Co-located buses in the provisional PyPSA-USA topology"},"geometry":{"type":"Point","coordinates":[-95.6315,37.4228]}},{"type":"Feature","properties":{"kind":"network_node","bus_ids":"65839","states":"KS","counties":"p20133","max_voltage_kv":161,"branch_count":3,"representation":"Co-located buses in the provisional PyPSA-USA topology"},"geometry":{"type":"Point","coordinates":[-95.4849,37.6496]}},{"type":"Feature","properties":{"kind":"network_node","bus_ids":"64072","states":"KS","counties":"p20195","max_voltage_kv":161,"branch_count":2,"representation":"Co-located buses in the provisional PyPSA-USA topology"},"geometry":{"type":"Point","coordinates":[-99.653,38.958]}},{"type":"Feature","properties":{"kind":"network_node","bus_ids":"64080","states":"KS","counties":"p20051","max_voltage_kv":161,"branch_count":3,"representation":"Co-located buses in the provisional PyPSA-USA topology"},"geometry":{"type":"Point","coordinates":[-99.2855,38.8826]}},{"type":"Feature","properties":{"kind":"network_node","bus_ids":"64191","states":"KS","counties":"p20195","max_voltage_kv":161,"branch_count":3,"representation":"Co-located buses in the provisional PyPSA-USA topology"},"geometry":{"type":"Point","coordinates":[-99.8777,38.9275]}},{"type":"Feature","properties":{"kind":"network_node","bus_ids":"64079","states":"KS","counties":"p20051","max_voltage_kv":161,"branch_count":3,"representation":"Co-located buses in the provisional PyPSA-USA topology"},"geometry":{"type":"Point","coordinates":[-99.373,38.8234]}},{"type":"Feature","properties":{"kind":"network_node","bus_ids":"65794, 65793","states":"KS","counties":"p20051","max_voltage_kv":500,"branch_count":4,"representation":"Co-located buses in the provisional PyPSA-USA topology"},"geometry":{"type":"Point","coordinates":[-99.3656,38.9591]}},{"type":"Feature","properties":{"kind":"network_node","bus_ids":"64087","states":"KS","counties":"p20051","max_voltage_kv":161,"branch_count":3,"representation":"Co-located buses in the provisional PyPSA-USA topology"},"geometry":{"type":"Point","coordinates":[-99.1137,38.8262]}},{"type":"Feature","properties":{"kind":"network_node","bus_ids":"65388, 65389","states":"KS","counties":"p20163","max_voltage_kv":500,"branch_count":4,"representation":"Co-located buses in the provisional PyPSA-USA topology"},"geometry":{"type":"Point","coordinates":[-99.294,39.3949]}},{"type":"Feature","properties":{"kind":"network_node","bus_ids":"64084","states":"KS","counties":"p20163","max_voltage_kv":161,"branch_count":2,"representation":"Co-located buses in the provisional PyPSA-USA topology"},"geometry":{"type":"Point","coordinates":[-99.3193,39.2918]}},{"type":"Feature","properties":{"kind":"network_node","bus_ids":"64109","states":"KS","counties":"p20055","max_voltage_kv":161,"branch_count":3,"representation":"Co-located buses in the provisional PyPSA-USA topology"},"geometry":{"type":"Point","coordinates":[-100.682,38.0679]}},{"type":"Feature","properties":{"kind":"network_node","bus_ids":"64099","states":"KS","counties":"p20069","max_voltage_kv":161,"branch_count":1,"representation":"Co-located buses in the provisional PyPSA-USA topology"},"geometry":{"type":"Point","coordinates":[-100.314,37.9745]}},{"type":"Feature","properties":{"kind":"network_node","bus_ids":"64110","states":"KS","counties":"p20055","max_voltage_kv":161,"branch_count":2,"representation":"Co-located buses in the provisional PyPSA-USA topology"},"geometry":{"type":"Point","coordinates":[-100.773,38.101]}},{"type":"Feature","properties":{"kind":"network_node","bus_ids":"64105","states":"KS","counties":"p20055","max_voltage_kv":161,"branch_count":4,"representation":"Co-located buses in the provisional PyPSA-USA topology"},"geometry":{"type":"Point","coordinates":[-100.891,38.0247]}},{"type":"Feature","properties":{"kind":"network_node","bus_ids":"64116","states":"KS","counties":"p20171","max_voltage_kv":161,"branch_count":3,"representation":"Co-located buses in the provisional PyPSA-USA topology"},"geometry":{"type":"Point","coordinates":[-100.919,38.5247]}},{"type":"Feature","properties":{"kind":"network_node","bus_ids":"65668, 65672","states":"KS","counties":"p20055","max_voltage_kv":500,"branch_count":5,"representation":"Co-located buses in the provisional PyPSA-USA topology"},"geometry":{"type":"Point","coordinates":[-100.883,37.9748]}},{"type":"Feature","properties":{"kind":"network_node","bus_ids":"65797","states":"KS","counties":"p20055","max_voltage_kv":161,"branch_count":5,"representation":"Co-located buses in the provisional PyPSA-USA topology"},"geometry":{"type":"Point","coordinates":[-100.901,37.9818]}},{"type":"Feature","properties":{"kind":"network_node","bus_ids":"64108","states":"KS","counties":"p20055","max_voltage_kv":161,"branch_count":2,"representation":"Co-located buses in the provisional PyPSA-USA topology"},"geometry":{"type":"Point","coordinates":[-100.742,37.973]}},{"type":"Feature","properties":{"kind":"network_node","bus_ids":"65940, 65942","states":"KS","counties":"p20057","max_voltage_kv":500,"branch_count":4,"representation":"Co-located buses in the provisional PyPSA-USA topology"},"geometry":{"type":"Point","coordinates":[-99.9187,37.7146]}},{"type":"Feature","properties":{"kind":"network_node","bus_ids":"65169","states":"KS","counties":"p20199","max_voltage_kv":161,"branch_count":1,"representation":"Co-located buses in the provisional PyPSA-USA topology"},"geometry":{"type":"Point","coordinates":[-101.826,38.8831]}},{"type":"Feature","properties":{"kind":"network_node","bus_ids":"65512, 65511","states":"KS","counties":"p20203","max_voltage_kv":500,"branch_count":4,"representation":"Co-located buses in the provisional PyPSA-USA topology"},"geometry":{"type":"Point","coordinates":[-101.166,38.5214]}},{"type":"Feature","properties":{"kind":"network_node","bus_ids":"64119","states":"KS","counties":"p20057","max_voltage_kv":161,"branch_count":1,"representation":"Co-located buses in the provisional PyPSA-USA topology"},"geometry":{"type":"Point","coordinates":[-100.105,37.6756]}},{"type":"Feature","properties":{"kind":"network_node","bus_ids":"64126","states":"KS","counties":"p20057","max_voltage_kv":161,"branch_count":3,"representation":"Co-located buses in the provisional PyPSA-USA topology"},"geometry":{"type":"Point","coordinates":[-100.029,37.7469]}},{"type":"Feature","properties":{"kind":"network_node","bus_ids":"64125","states":"KS","counties":"p20057","max_voltage_kv":161,"branch_count":2,"representation":"Co-located buses in the provisional PyPSA-USA topology"},"geometry":{"type":"Point","coordinates":[-99.9895,37.7999]}},{"type":"Feature","properties":{"kind":"network_node","bus_ids":"65391","states":"KS","counties":"p20057","max_voltage_kv":161,"branch_count":3,"representation":"Co-located buses in the provisional PyPSA-USA topology"},"geometry":{"type":"Point","coordinates":[-99.7675,37.873]}},{"type":"Feature","properties":{"kind":"network_node","bus_ids":"64134","states":"KS","counties":"p20121","max_voltage_kv":161,"branch_count":1,"representation":"Co-located buses in the provisional PyPSA-USA topology"},"geometry":{"type":"Point","coordinates":[-95.0287,38.4565]}},{"type":"Feature","properties":{"kind":"network_node","bus_ids":"64152","states":"KS","counties":"p20059","max_voltage_kv":161,"branch_count":2,"representation":"Co-located buses in the provisional PyPSA-USA topology"},"geometry":{"type":"Point","coordinates":[-95.454,38.6398]}},{"type":"Feature","properties":{"kind":"network_node","bus_ids":"65547","states":"KS","counties":"p20059","max_voltage_kv":161,"branch_count":2,"representation":"Co-located buses in the provisional PyPSA-USA topology"},"geometry":{"type":"Point","coordinates":[-95.2713,38.6288]}},{"type":"Feature","properties":{"kind":"network_node","bus_ids":"64147","states":"KS","counties":"p20059","max_voltage_kv":161,"branch_count":2,"representation":"Co-located buses in the provisional PyPSA-USA topology"},"geometry":{"type":"Point","coordinates":[-95.2053,38.5603]}},{"type":"Feature","properties":{"kind":"network_node","bus_ids":"65637, 65634","states":"KS","counties":"p20031","max_voltage_kv":500,"branch_count":4,"representation":"Co-located buses in the provisional PyPSA-USA topology"},"geometry":{"type":"Point","coordinates":[-95.7029,38.2438]}},{"type":"Feature","properties":{"kind":"network_node","bus_ids":"65717, 65718","states":"KS","counties":"p20091","max_voltage_kv":500,"branch_count":6,"representation":"Co-located buses in the provisional PyPSA-USA topology"},"geometry":{"type":"Point","coordinates":[-94.9651,38.8044]}},{"type":"Feature","properties":{"kind":"network_node","bus_ids":"65870, 65867","states":"KS","counties":"p20121","max_voltage_kv":500,"branch_count":4,"representation":"Co-located buses in the provisional PyPSA-USA topology"},"geometry":{"type":"Point","coordinates":[-94.9105,38.5609]}},{"type":"Feature","properties":{"kind":"network_node","bus_ids":"64603","states":"KS","counties":"p20139","max_voltage_kv":161,"branch_count":4,"representation":"Co-located buses in the provisional PyPSA-USA topology"},"geometry":{"type":"Point","coordinates":[-95.7174,38.5582]}},{"type":"Feature","properties":{"kind":"network_node","bus_ids":"64158","states":"KS","counties":"p20161","max_voltage_kv":161,"branch_count":3,"representation":"Co-located buses in the provisional PyPSA-USA topology"},"geometry":{"type":"Point","coordinates":[-96.8483,39.1572]}},{"type":"Feature","properties":{"kind":"network_node","bus_ids":"64861","states":"KS","counties":"p20161","max_voltage_kv":161,"branch_count":5,"representation":"Co-located buses in the provisional PyPSA-USA topology"},"geometry":{"type":"Point","coordinates":[-96.6852,39.2402]}},{"type":"Feature","properties":{"kind":"network_node","bus_ids":"65535","states":"KS","counties":"p20105","max_voltage_kv":161,"branch_count":2,"representation":"Co-located buses in the provisional PyPSA-USA topology"},"geometry":{"type":"Point","coordinates":[-98.1518,39.029]}},{"type":"Feature","properties":{"kind":"network_node","bus_ids":"64169","states":"KS","counties":"p20161","max_voltage_kv":161,"branch_count":1,"representation":"Co-located buses in the provisional PyPSA-USA topology"},"geometry":{"type":"Point","coordinates":[-96.5085,39.1237]}},{"type":"Feature","properties":{"kind":"network_node","bus_ids":"64621","states":"KS","counties":"p20117","max_voltage_kv":161,"branch_count":3,"representation":"Co-located buses in the provisional PyPSA-USA topology"},"geometry":{"type":"Point","coordinates":[-96.696,39.6966]}},{"type":"Feature","properties":{"kind":"network_node","bus_ids":"64784","states":"KS","counties":"p20149","max_voltage_kv":161,"branch_count":1,"representation":"Co-located buses in the provisional PyPSA-USA topology"},"geometry":{"type":"Point","coordinates":[-96.2812,39.2185]}},{"type":"Feature","properties":{"kind":"network_node","bus_ids":"65469, 65464","states":"KS","counties":"p20149","max_voltage_kv":500,"branch_count":5,"representation":"Co-located buses in the provisional PyPSA-USA topology"},"geometry":{"type":"Point","coordinates":[-96.1622,39.262]}},{"type":"Feature","properties":{"kind":"network_node","bus_ids":"64714","states":"KS","counties":"p20135","max_voltage_kv":161,"branch_count":1,"representation":"Co-located buses in the provisional PyPSA-USA topology"},"geometry":{"type":"Point","coordinates":[-99.8765,38.3673]}},{"type":"Feature","properties":{"kind":"network_node","bus_ids":"64174","states":"KS","counties":"p20101","max_voltage_kv":161,"branch_count":2,"representation":"Co-located buses in the provisional PyPSA-USA topology"},"geometry":{"type":"Point","coordinates":[-100.441,38.4965]}},{"type":"Feature","properties":{"kind":"network_node","bus_ids":"64178","states":"KS","counties":"p20109","max_voltage_kv":161,"branch_count":2,"representation":"Co-located buses in the provisional PyPSA-USA topology"},"geometry":{"type":"Point","coordinates":[-100.951,38.9688]}},{"type":"Feature","properties":{"kind":"network_node","bus_ids":"64589","states":"KS","counties":"p20203","max_voltage_kv":161,"branch_count":2,"representation":"Co-located buses in the provisional PyPSA-USA topology"},"geometry":{"type":"Point","coordinates":[-101.369,38.4299]}},{"type":"Feature","properties":{"kind":"network_node","bus_ids":"65338, 65339","states":"KS","counties":"p20193","max_voltage_kv":500,"branch_count":7,"representation":"Co-located buses in the provisional PyPSA-USA topology"},"geometry":{"type":"Point","coordinates":[-101.041,39.4002]}},{"type":"Feature","properties":{"kind":"network_node","bus_ids":"64179","states":"KS","counties":"p20063","max_voltage_kv":161,"branch_count":1,"representation":"Co-located buses in the provisional PyPSA-USA topology"},"geometry":{"type":"Point","coordinates":[-100.213,38.9365]}},{"type":"Feature","properties":{"kind":"network_node","bus_ids":"65244","states":"KS","counties":"p20065","max_voltage_kv":161,"branch_count":2,"representation":"Co-located buses in the provisional PyPSA-USA topology"},"geometry":{"type":"Point","coordinates":[-99.8161,39.3606]}},{"type":"Feature","properties":{"kind":"network_node","bus_ids":"64199","states":"KS","counties":"p20067","max_voltage_kv":161,"branch_count":2,"representation":"Co-located buses in the provisional PyPSA-USA topology"},"geometry":{"type":"Point","coordinates":[-101.281,37.6169]}},{"type":"Feature","properties":{"kind":"network_node","bus_ids":"64200","states":"KS","counties":"p20067","max_voltage_kv":161,"branch_count":3,"representation":"Co-located buses in the provisional PyPSA-USA topology"},"geometry":{"type":"Point","coordinates":[-101.292,37.4804]}},{"type":"Feature","properties":{"kind":"network_node","bus_ids":"65923","states":"KS","counties":"p20093","max_voltage_kv":161,"branch_count":2,"representation":"Co-located buses in the provisional PyPSA-USA topology"},"geometry":{"type":"Point","coordinates":[-101.246,37.9353]}},{"type":"Feature","properties":{"kind":"network_node","bus_ids":"65425, 65421","states":"KS","counties":"p20081","max_voltage_kv":500,"branch_count":5,"representation":"Co-located buses in the provisional PyPSA-USA topology"},"geometry":{"type":"Point","coordinates":[-101.064,37.6263]}},{"type":"Feature","properties":{"kind":"network_node","bus_ids":"65725","states":"KS","counties":"p20187","max_voltage_kv":161,"branch_count":3,"representation":"Co-located buses in the provisional PyPSA-USA topology"},"geometry":{"type":"Point","coordinates":[-101.64,37.558]}},{"type":"Feature","properties":{"kind":"network_node","bus_ids":"64213","states":"KS","counties":"p20071","max_voltage_kv":161,"branch_count":1,"representation":"Co-located buses in the provisional PyPSA-USA topology"},"geometry":{"type":"Point","coordinates":[-101.873,38.4152]}},{"type":"Feature","properties":{"kind":"network_node","bus_ids":"64221","states":"KS","counties":"p20075","max_voltage_kv":161,"branch_count":2,"representation":"Co-located buses in the provisional PyPSA-USA topology"},"geometry":{"type":"Point","coordinates":[-101.823,37.9938]}},{"type":"Feature","properties":{"kind":"network_node","bus_ids":"64238","states":"KS","counties":"p20173","max_voltage_kv":161,"branch_count":3,"representation":"Co-located buses in the provisional PyPSA-USA topology"},"geometry":{"type":"Point","coordinates":[-97.5409,37.8912]}},{"type":"Feature","properties":{"kind":"network_node","bus_ids":"65023","states":"KS","counties":"p20173","max_voltage_kv":161,"branch_count":2,"representation":"Co-located buses in the provisional PyPSA-USA topology"},"geometry":{"type":"Point","coordinates":[-97.3507,37.8361]}},{"type":"Feature","properties":{"kind":"network_node","bus_ids":"66004, 66005","states":"KS","counties":"p20173","max_voltage_kv":500,"branch_count":6,"representation":"Co-located buses in the provisional PyPSA-USA topology"},"geometry":{"type":"Point","coordinates":[-97.5343,37.7714]}},{"type":"Feature","properties":{"kind":"network_node","bus_ids":"64262","states":"KS","counties":"p20081","max_voltage_kv":161,"branch_count":1,"representation":"Co-located buses in the provisional PyPSA-USA topology"},"geometry":{"type":"Point","coordinates":[-100.816,37.5113]}},{"type":"Feature","properties":{"kind":"network_node","bus_ids":"65114, 65110","states":"KS","counties":"p20177","max_voltage_kv":500,"branch_count":7,"representation":"Co-located buses in the provisional PyPSA-USA topology"},"geometry":{"type":"Point","coordinates":[-95.8675,39.0757]}},{"type":"Feature","properties":{"kind":"network_node","bus_ids":"64292","states":"KS","counties":"p20087","max_voltage_kv":161,"branch_count":1,"representation":"Co-located buses in the provisional PyPSA-USA topology"},"geometry":{"type":"Point","coordinates":[-95.4636,39.3595]}},{"type":"Feature","properties":{"kind":"network_node","bus_ids":"64295","states":"KS","counties":"p20087","max_voltage_kv":161,"branch_count":2,"representation":"Co-located buses in the provisional PyPSA-USA topology"},"geometry":{"type":"Point","coordinates":[-95.4941,39.2621]}},{"type":"Feature","properties":{"kind":"network_node","bus_ids":"65081","states":"KS","counties":"p20177","max_voltage_kv":161,"branch_count":3,"representation":"Co-located buses in the provisional PyPSA-USA topology"},"geometry":{"type":"Point","coordinates":[-95.6474,39.134]}},{"type":"Feature","properties":{"kind":"network_node","bus_ids":"65087","states":"KS","counties":"p20177","max_voltage_kv":161,"branch_count":3,"representation":"Co-located buses in the provisional PyPSA-USA topology"},"geometry":{"type":"Point","coordinates":[-95.5785,39.0198]}},{"type":"Feature","properties":{"kind":"network_node","bus_ids":"64310","states":"KS","counties":"p20089","max_voltage_kv":161,"branch_count":1,"representation":"Co-located buses in the provisional PyPSA-USA topology"},"geometry":{"type":"Point","coordinates":[-98.269,39.8031]}},{"type":"Feature","properties":{"kind":"network_node","bus_ids":"67406, 67405","states":"NE","counties":"p31181","max_voltage_kv":500,"branch_count":2,"representation":"Co-located buses in the provisional PyPSA-USA topology"},"geometry":{"type":"Point","coordinates":[-98.5401,40.0632]}},{"type":"Feature","properties":{"kind":"network_node","bus_ids":"64359","states":"KS","counties":"p20091","max_voltage_kv":161,"branch_count":6,"representation":"Co-located buses in the provisional PyPSA-USA topology"},"geometry":{"type":"Point","coordinates":[-94.9076,38.8497]}},{"type":"Feature","properties":{"kind":"network_node","bus_ids":"64320","states":"KS","counties":"p20091","max_voltage_kv":161,"branch_count":3,"representation":"Co-located buses in the provisional PyPSA-USA topology"},"geometry":{"type":"Point","coordinates":[-94.8771,38.9166]}},{"type":"Feature","properties":{"kind":"network_node","bus_ids":"64342","states":"KS","counties":"p20091","max_voltage_kv":161,"branch_count":2,"representation":"Co-located buses in the provisional PyPSA-USA topology"},"geometry":{"type":"Point","coordinates":[-94.7331,39.0315]}},{"type":"Feature","properties":{"kind":"network_node","bus_ids":"65201","states":"KS","counties":"p20209","max_voltage_kv":161,"branch_count":2,"representation":"Co-located buses in the provisional PyPSA-USA topology"},"geometry":{"type":"Point","coordinates":[-94.6998,39.0482]}},{"type":"Feature","properties":{"kind":"network_node","bus_ids":"64432","states":"KS","counties":"p20209","max_voltage_kv":161,"branch_count":2,"representation":"Co-located buses in the provisional PyPSA-USA topology"},"geometry":{"type":"Point","coordinates":[-94.6397,39.0573]}},{"type":"Feature","properties":{"kind":"network_node","bus_ids":"64456","states":"KS","counties":"p20103","max_voltage_kv":161,"branch_count":2,"representation":"Co-located buses in the provisional PyPSA-USA topology"},"geometry":{"type":"Point","coordinates":[-94.9179,39.028]}},{"type":"Feature","properties":{"kind":"network_node","bus_ids":"64668","states":"KS","counties":"p20121","max_voltage_kv":161,"branch_count":3,"representation":"Co-located buses in the provisional PyPSA-USA topology"},"geometry":{"type":"Point","coordinates":[-94.8669,38.6495]}},{"type":"Feature","properties":{"kind":"network_node","bus_ids":"65970","states":"KS","counties":"p20091","max_voltage_kv":161,"branch_count":3,"representation":"Co-located buses in the provisional PyPSA-USA topology"},"geometry":{"type":"Point","coordinates":[-94.8744,38.8414]}},{"type":"Feature","properties":{"kind":"network_node","bus_ids":"64370","states":"KS","counties":"p20091","max_voltage_kv":161,"branch_count":3,"representation":"Co-located buses in the provisional PyPSA-USA topology"},"geometry":{"type":"Point","coordinates":[-94.7662,38.8869]}},{"type":"Feature","properties":{"kind":"network_node","bus_ids":"64369","states":"KS","counties":"p20091","max_voltage_kv":161,"branch_count":3,"representation":"Co-located buses in the provisional PyPSA-USA topology"},"geometry":{"type":"Point","coordinates":[-94.7092,38.8807]}},{"type":"Feature","properties":{"kind":"network_node","bus_ids":"64425","states":"KS","counties":"p20091","max_voltage_kv":161,"branch_count":2,"representation":"Co-located buses in the provisional PyPSA-USA topology"},"geometry":{"type":"Point","coordinates":[-94.7048,38.8259]}},{"type":"Feature","properties":{"kind":"network_node","bus_ids":"64386","states":"KS","counties":"p20091","max_voltage_kv":161,"branch_count":3,"representation":"Co-located buses in the provisional PyPSA-USA topology"},"geometry":{"type":"Point","coordinates":[-94.7819,38.8426]}},{"type":"Feature","properties":{"kind":"network_node","bus_ids":"64429","states":"KS","counties":"p20091","max_voltage_kv":161,"branch_count":2,"representation":"Co-located buses in the provisional PyPSA-USA topology"},"geometry":{"type":"Point","coordinates":[-94.6631,38.9228]}},{"type":"Feature","properties":{"kind":"network_node","bus_ids":"64419","states":"KS","counties":"p20091","max_voltage_kv":161,"branch_count":1,"representation":"Co-located buses in the provisional PyPSA-USA topology"},"geometry":{"type":"Point","coordinates":[-94.6439,38.8855]}},{"type":"Feature","properties":{"kind":"network_node","bus_ids":"65189","states":"KS","counties":"p20209","max_voltage_kv":161,"branch_count":3,"representation":"Co-located buses in the provisional PyPSA-USA topology"},"geometry":{"type":"Point","coordinates":[-94.6902,39.1283]}},{"type":"Feature","properties":{"kind":"network_node","bus_ids":"64446","states":"KS","counties":"p20209","max_voltage_kv":161,"branch_count":1,"representation":"Co-located buses in the provisional PyPSA-USA topology"},"geometry":{"type":"Point","coordinates":[-94.7288,39.0873]}},{"type":"Feature","properties":{"kind":"network_node","bus_ids":"64545","states":"KS","counties":"p20209","max_voltage_kv":161,"branch_count":1,"representation":"Co-located buses in the provisional PyPSA-USA topology"},"geometry":{"type":"Point","coordinates":[-94.7883,39.0781]}},{"type":"Feature","properties":{"kind":"network_node","bus_ids":"64529","states":"KS","counties":"p20103","max_voltage_kv":161,"branch_count":1,"representation":"Co-located buses in the provisional PyPSA-USA topology"},"geometry":{"type":"Point","coordinates":[-94.9944,39.0338]}},{"type":"Feature","properties":{"kind":"network_node","bus_ids":"64479","states":"KS","counties":"p20095","max_voltage_kv":161,"branch_count":2,"representation":"Co-located buses in the provisional PyPSA-USA topology"},"geometry":{"type":"Point","coordinates":[-97.8204,37.5508]}},{"type":"Feature","properties":{"kind":"network_node","bus_ids":"64474","states":"KS","counties":"p20095","max_voltage_kv":161,"branch_count":1,"representation":"Co-located buses in the provisional PyPSA-USA topology"},"geometry":{"type":"Point","coordinates":[-97.8443,37.7094]}},{"type":"Feature","properties":{"kind":"network_node","bus_ids":"64485","states":"KS","counties":"p20095","max_voltage_kv":161,"branch_count":2,"representation":"Co-located buses in the provisional PyPSA-USA topology"},"geometry":{"type":"Point","coordinates":[-98.4161,37.7178]}},{"type":"Feature","properties":{"kind":"network_node","bus_ids":"65607, 65610","states":"KS","counties":"p20095","max_voltage_kv":500,"branch_count":4,"representation":"Co-located buses in the provisional PyPSA-USA topology"},"geometry":{"type":"Point","coordinates":[-98.2615,37.4152]}},{"type":"Feature","properties":{"kind":"network_node","bus_ids":"64490","states":"KS","counties":"p20095","max_voltage_kv":161,"branch_count":2,"representation":"Co-located buses in the provisional PyPSA-USA topology"},"geometry":{"type":"Point","coordinates":[-98.0566,37.7083]}},{"type":"Feature","properties":{"kind":"network_node","bus_ids":"64817","states":"KS","counties":"p20155","max_voltage_kv":161,"branch_count":2,"representation":"Co-located buses in the provisional PyPSA-USA topology"},"geometry":{"type":"Point","coordinates":[-97.9095,37.8862]}},{"type":"Feature","properties":{"kind":"network_node","bus_ids":"65721","states":"KS","counties":"p20095","max_voltage_kv":161,"branch_count":3,"representation":"Co-located buses in the provisional PyPSA-USA topology"},"geometry":{"type":"Point","coordinates":[-98.0901,37.4126]}},{"type":"Feature","properties":{"kind":"network_node","bus_ids":"64504","states":"OK","counties":"p40105","max_voltage_kv":161,"branch_count":2,"representation":"Co-located buses in the provisional PyPSA-USA topology"},"geometry":{"type":"Point","coordinates":[-95.5782,36.9977]}},{"type":"Feature","properties":{"kind":"network_node","bus_ids":"64511","states":"KS","counties":"p20099","max_voltage_kv":161,"branch_count":2,"representation":"Co-located buses in the provisional PyPSA-USA topology"},"geometry":{"type":"Point","coordinates":[-95.2833,37.3559]}},{"type":"Feature","properties":{"kind":"network_node","bus_ids":"64516","states":"KS","counties":"p20099","max_voltage_kv":161,"branch_count":2,"representation":"Co-located buses in the provisional PyPSA-USA topology"},"geometry":{"type":"Point","coordinates":[-95.3796,37.358]}},{"type":"Feature","properties":{"kind":"network_node","bus_ids":"65257, 65256","states":"KS","counties":"p20133","max_voltage_kv":500,"branch_count":4,"representation":"Co-located buses in the provisional PyPSA-USA topology"},"geometry":{"type":"Point","coordinates":[-95.5034,37.6877]}},{"type":"Feature","properties":{"kind":"network_node","bus_ids":"65226","states":"KS","counties":"p20209","max_voltage_kv":161,"branch_count":3,"representation":"Co-located buses in the provisional PyPSA-USA topology"},"geometry":{"type":"Point","coordinates":[-94.758,39.1427]}},{"type":"Feature","properties":{"kind":"network_node","bus_ids":"64541","states":"KS","counties":"p20209","max_voltage_kv":161,"branch_count":1,"representation":"Co-located buses in the provisional PyPSA-USA topology"},"geometry":{"type":"Point","coordinates":[-94.8129,39.1843]}},{"type":"Feature","properties":{"kind":"network_node","bus_ids":"64556","states":"KS","counties":"p20103","max_voltage_kv":161,"branch_count":1,"representation":"Co-located buses in the provisional PyPSA-USA topology"},"geometry":{"type":"Point","coordinates":[-95.0355,39.1952]}},{"type":"Feature","properties":{"kind":"network_node","bus_ids":"64664","states":"KS","counties":"p20121","max_voltage_kv":161,"branch_count":4,"representation":"Co-located buses in the provisional PyPSA-USA topology"},"geometry":{"type":"Point","coordinates":[-94.7176,38.5271]}},{"type":"Feature","properties":{"kind":"network_node","bus_ids":"64600","states":"KS","counties":"p20139","max_voltage_kv":161,"branch_count":1,"representation":"Co-located buses in the provisional PyPSA-USA topology"},"geometry":{"type":"Point","coordinates":[-95.9442,38.7405]}},{"type":"Feature","properties":{"kind":"network_node","bus_ids":"65109","states":"KS","counties":"p20177","max_voltage_kv":161,"branch_count":2,"representation":"Co-located buses in the provisional PyPSA-USA topology"},"geometry":{"type":"Point","coordinates":[-95.8565,39.0456]}},{"type":"Feature","properties":{"kind":"network_node","bus_ids":"65311","states":"KS","counties":"p20139","max_voltage_kv":161,"branch_count":2,"representation":"Co-located buses in the provisional PyPSA-USA topology"},"geometry":{"type":"Point","coordinates":[-95.8132,38.6401]}},{"type":"Feature","properties":{"kind":"network_node","bus_ids":"65481","states":"KS","counties":"p20031","max_voltage_kv":161,"branch_count":2,"representation":"Co-located buses in the provisional PyPSA-USA topology"},"geometry":{"type":"Point","coordinates":[-95.6796,38.2757]}},{"type":"Feature","properties":{"kind":"network_node","bus_ids":"64634","states":"KS","counties":"p20113","max_voltage_kv":161,"branch_count":2,"representation":"Co-located buses in the provisional PyPSA-USA topology"},"geometry":{"type":"Point","coordinates":[-97.4844,38.4131]}},{"type":"Feature","properties":{"kind":"network_node","bus_ids":"67176","states":"NE","counties":"p31133","max_voltage_kv":161,"branch_count":2,"representation":"Co-located buses in the provisional PyPSA-USA topology"},"geometry":{"type":"Point","coordinates":[-96.1927,40.0451]}},{"type":"Feature","properties":{"kind":"network_node","bus_ids":"64618","states":"KS","counties":"p20117","max_voltage_kv":161,"branch_count":1,"representation":"Co-located buses in the provisional PyPSA-USA topology"},"geometry":{"type":"Point","coordinates":[-96.3063,39.8966]}},{"type":"Feature","properties":{"kind":"network_node","bus_ids":"65294","states":"KS","counties":"p20201","max_voltage_kv":161,"branch_count":4,"representation":"Co-located buses in the provisional PyPSA-USA topology"},"geometry":{"type":"Point","coordinates":[-97.0537,39.7986]}},{"type":"Feature","properties":{"kind":"network_node","bus_ids":"67569","states":"NE","counties":"p31097","max_voltage_kv":161,"branch_count":1,"representation":"Co-located buses in the provisional PyPSA-USA topology"},"geometry":{"type":"Point","coordinates":[-96.2114,40.3714]}},{"type":"Feature","properties":{"kind":"network_node","bus_ids":"64631","states":"KS","counties":"p20117","max_voltage_kv":161,"branch_count":4,"representation":"Co-located buses in the provisional PyPSA-USA topology"},"geometry":{"type":"Point","coordinates":[-96.673,39.8877]}},{"type":"Feature","properties":{"kind":"network_node","bus_ids":"64860","states":"KS","counties":"p20161","max_voltage_kv":161,"branch_count":2,"representation":"Co-located buses in the provisional PyPSA-USA topology"},"geometry":{"type":"Point","coordinates":[-96.7642,39.2755]}},{"type":"Feature","properties":{"kind":"network_node","bus_ids":"65450, 65444","states":"KS","counties":"p20201","max_voltage_kv":500,"branch_count":4,"representation":"Co-located buses in the provisional PyPSA-USA topology"},"geometry":{"type":"Point","coordinates":[-97.294,39.5933]}},{"type":"Feature","properties":{"kind":"network_node","bus_ids":"65917","states":"KS","counties":"p20113","max_voltage_kv":161,"branch_count":2,"representation":"Co-located buses in the provisional PyPSA-USA topology"},"geometry":{"type":"Point","coordinates":[-97.6232,38.3861]}},{"type":"Feature","properties":{"kind":"network_node","bus_ids":"64640","states":"KS","counties":"p20113","max_voltage_kv":161,"branch_count":1,"representation":"Co-located buses in the provisional PyPSA-USA topology"},"geometry":{"type":"Point","coordinates":[-97.8018,38.223]}},{"type":"Feature","properties":{"kind":"network_node","bus_ids":"64828","states":"KS","counties":"p20155","max_voltage_kv":161,"branch_count":6,"representation":"Co-located buses in the provisional PyPSA-USA topology"},"geometry":{"type":"Point","coordinates":[-97.9192,38.0762]}},{"type":"Feature","properties":{"kind":"network_node","bus_ids":"64764","states":"KS","counties":"p20169","max_voltage_kv":161,"branch_count":3,"representation":"Co-located buses in the provisional PyPSA-USA topology"},"geometry":{"type":"Point","coordinates":[-97.5823,38.8184]}},{"type":"Feature","properties":{"kind":"network_node","bus_ids":"64644","states":"KS","counties":"p20113","max_voltage_kv":161,"branch_count":2,"representation":"Co-located buses in the provisional PyPSA-USA topology"},"geometry":{"type":"Point","coordinates":[-97.677,38.604]}},{"type":"Feature","properties":{"kind":"network_node","bus_ids":"65532","states":"KS","counties":"p20113","max_voltage_kv":161,"branch_count":3,"representation":"Co-located buses in the provisional PyPSA-USA topology"},"geometry":{"type":"Point","coordinates":[-97.7041,38.3861]}},{"type":"Feature","properties":{"kind":"network_node","bus_ids":"64647","states":"KS","counties":"p20113","max_voltage_kv":161,"branch_count":1,"representation":"Co-located buses in the provisional PyPSA-USA topology"},"geometry":{"type":"Point","coordinates":[-97.7643,38.4222]}},{"type":"Feature","properties":{"kind":"network_node","bus_ids":"64676","states":"KS","counties":"p20125","max_voltage_kv":161,"branch_count":4,"representation":"Co-located buses in the provisional PyPSA-USA topology"},"geometry":{"type":"Point","coordinates":[-95.6528,37.2008]}},{"type":"Feature","properties":{"kind":"network_node","bus_ids":"64678","states":"KS","counties":"p20125","max_voltage_kv":161,"branch_count":1,"representation":"Co-located buses in the provisional PyPSA-USA topology"},"geometry":{"type":"Point","coordinates":[-95.7585,37.2329]}},{"type":"Feature","properties":{"kind":"network_node","bus_ids":"64686","states":"KS","counties":"p20129","max_voltage_kv":161,"branch_count":1,"representation":"Co-located buses in the provisional PyPSA-USA topology"},"geometry":{"type":"Point","coordinates":[-101.942,37.0524]}},{"type":"Feature","properties":{"kind":"network_node","bus_ids":"64695","states":"KS","counties":"p20149","max_voltage_kv":161,"branch_count":1,"representation":"Co-located buses in the provisional PyPSA-USA topology"},"geometry":{"type":"Point","coordinates":[-96.219,39.5087]}},{"type":"Feature","properties":{"kind":"network_node","bus_ids":"66732","states":"NE","counties":"p31067","max_voltage_kv":161,"branch_count":1,"representation":"Co-located buses in the provisional PyPSA-USA topology"},"geometry":{"type":"Point","coordinates":[-96.7511,40.246]}},{"type":"Feature","properties":{"kind":"network_node","bus_ids":"64724","states":"KS","counties":"p20137","max_voltage_kv":161,"branch_count":1,"representation":"Co-located buses in the provisional PyPSA-USA topology"},"geometry":{"type":"Point","coordinates":[-99.9148,39.7911]}},{"type":"Feature","properties":{"kind":"network_node","bus_ids":"64777","states":"KS","counties":"p20147","max_voltage_kv":161,"branch_count":2,"representation":"Co-located buses in the provisional PyPSA-USA topology"},"geometry":{"type":"Point","coordinates":[-99.3281,39.7164]}},{"type":"Feature","properties":{"kind":"network_node","bus_ids":"64730","states":"KS","counties":"p20139","max_voltage_kv":161,"branch_count":2,"representation":"Co-located buses in the provisional PyPSA-USA topology"},"geometry":{"type":"Point","coordinates":[-95.7352,38.7778]}},{"type":"Feature","properties":{"kind":"network_node","bus_ids":"65072","states":"KS","counties":"p20177","max_voltage_kv":161,"branch_count":3,"representation":"Co-located buses in the provisional PyPSA-USA topology"},"geometry":{"type":"Point","coordinates":[-95.7026,38.9895]}},{"type":"Feature","properties":{"kind":"network_node","bus_ids":"64740","states":"KS","counties":"p20141","max_voltage_kv":161,"branch_count":2,"representation":"Co-located buses in the provisional PyPSA-USA topology"},"geometry":{"type":"Point","coordinates":[-98.9947,39.4795]}},{"type":"Feature","properties":{"kind":"network_node","bus_ids":"64748","states":"KS","counties":"p20141","max_voltage_kv":161,"branch_count":2,"representation":"Co-located buses in the provisional PyPSA-USA topology"},"geometry":{"type":"Point","coordinates":[-98.7266,39.3565]}},{"type":"Feature","properties":{"kind":"network_node","bus_ids":"65138","states":"KS","counties":"p20183","max_voltage_kv":161,"branch_count":1,"representation":"Co-located buses in the provisional PyPSA-USA topology"},"geometry":{"type":"Point","coordinates":[-98.8246,39.8134]}},{"type":"Feature","properties":{"kind":"network_node","bus_ids":"64741","states":"KS","counties":"p20141","max_voltage_kv":161,"branch_count":2,"representation":"Co-located buses in the provisional PyPSA-USA topology"},"geometry":{"type":"Point","coordinates":[-98.5028,39.4781]}},{"type":"Feature","properties":{"kind":"network_node","bus_ids":"64755","states":"KS","counties":"p20169","max_voltage_kv":161,"branch_count":3,"representation":"Co-located buses in the provisional PyPSA-USA topology"},"geometry":{"type":"Point","coordinates":[-97.6471,38.8832]}},{"type":"Feature","properties":{"kind":"network_node","bus_ids":"64762, 64757","states":"KS","counties":"p20169","max_voltage_kv":500,"branch_count":4,"representation":"Co-located buses in the provisional PyPSA-USA topology"},"geometry":{"type":"Point","coordinates":[-97.6477,38.8376]}},{"type":"Feature","properties":{"kind":"network_node","bus_ids":"65398","states":"KS","counties":"p20143","max_voltage_kv":161,"branch_count":2,"representation":"Co-located buses in the provisional PyPSA-USA topology"},"geometry":{"type":"Point","coordinates":[-97.6883,39.1296]}},{"type":"Feature","properties":{"kind":"network_node","bus_ids":"65932, 65931","states":"KS","counties":"p20053","max_voltage_kv":500,"branch_count":3,"representation":"Co-located buses in the provisional PyPSA-USA topology"},"geometry":{"type":"Point","coordinates":[-98.3225,38.8294]}},{"type":"Feature","properties":{"kind":"network_node","bus_ids":"65524, 65526","states":"KS","counties":"p20151","max_voltage_kv":500,"branch_count":2,"representation":"Co-located buses in the provisional PyPSA-USA topology"},"geometry":{"type":"Point","coordinates":[-98.7691,37.6245]}},{"type":"Feature","properties":{"kind":"network_node","bus_ids":"64794","states":"KS","counties":"p20151","max_voltage_kv":161,"branch_count":2,"representation":"Co-located buses in the provisional PyPSA-USA topology"},"geometry":{"type":"Point","coordinates":[-98.7566,37.72]}},{"type":"Feature","properties":{"kind":"network_node","bus_ids":"64799","states":"KS","counties":"p20153","max_voltage_kv":161,"branch_count":2,"representation":"Co-located buses in the provisional PyPSA-USA topology"},"geometry":{"type":"Point","coordinates":[-101.202,39.7727]}},{"type":"Feature","properties":{"kind":"network_node","bus_ids":"65885","states":"KS","counties":"p20023","max_voltage_kv":161,"branch_count":4,"representation":"Co-located buses in the provisional PyPSA-USA topology"},"geometry":{"type":"Point","coordinates":[-101.534,39.7559]}},{"type":"Feature","properties":{"kind":"network_node","bus_ids":"64814","states":"KS","counties":"p20155","max_voltage_kv":161,"branch_count":1,"representation":"Co-located buses in the provisional PyPSA-USA topology"},"geometry":{"type":"Point","coordinates":[-97.8998,37.969]}},{"type":"Feature","properties":{"kind":"network_node","bus_ids":"65759","states":"KS","counties":"p20155","max_voltage_kv":161,"branch_count":4,"representation":"Co-located buses in the provisional PyPSA-USA topology"},"geometry":{"type":"Point","coordinates":[-97.8961,38.0905]}},{"type":"Feature","properties":{"kind":"network_node","bus_ids":"64822","states":"KS","counties":"p20155","max_voltage_kv":161,"branch_count":2,"representation":"Co-located buses in the provisional PyPSA-USA topology"},"geometry":{"type":"Point","coordinates":[-97.9416,38.0043]}},{"type":"Feature","properties":{"kind":"network_node","bus_ids":"64825","states":"KS","counties":"p20155","max_voltage_kv":161,"branch_count":3,"representation":"Co-located buses in the provisional PyPSA-USA topology"},"geometry":{"type":"Point","coordinates":[-97.9725,38.1699]}},{"type":"Feature","properties":{"kind":"network_node","bus_ids":"65746","states":"KS","counties":"p20159","max_voltage_kv":161,"branch_count":3,"representation":"Co-located buses in the provisional PyPSA-USA topology"},"geometry":{"type":"Point","coordinates":[-98.2166,38.2201]}},{"type":"Feature","properties":{"kind":"network_node","bus_ids":"65787","states":"KS","counties":"p20155","max_voltage_kv":161,"branch_count":4,"representation":"Co-located buses in the provisional PyPSA-USA topology"},"geometry":{"type":"Point","coordinates":[-97.8556,38.0863]}},{"type":"Feature","properties":{"kind":"network_node","bus_ids":"65692, 65693","states":"KS","counties":"p20155","max_voltage_kv":500,"branch_count":5,"representation":"Co-located buses in the provisional PyPSA-USA topology"},"geometry":{"type":"Point","coordinates":[-97.8816,38.0646]}},{"type":"Feature","properties":{"kind":"network_node","bus_ids":"64851","states":"KS","counties":"p20159","max_voltage_kv":161,"branch_count":2,"representation":"Co-located buses in the provisional PyPSA-USA topology"},"geometry":{"type":"Point","coordinates":[-98.2782,38.4527]}},{"type":"Feature","properties":{"kind":"network_node","bus_ids":"65818","states":"KS","counties":"p20009","max_voltage_kv":161,"branch_count":3,"representation":"Co-located buses in the provisional PyPSA-USA topology"},"geometry":{"type":"Point","coordinates":[-98.5859,38.3753]}},{"type":"Feature","properties":{"kind":"network_node","bus_ids":"65492","states":"KS","counties":"p20157","max_voltage_kv":161,"branch_count":2,"representation":"Co-located buses in the provisional PyPSA-USA topology"},"geometry":{"type":"Point","coordinates":[-97.619,39.8063]}},{"type":"Feature","properties":{"kind":"network_node","bus_ids":"64994","states":"KS","counties":"p20173","max_voltage_kv":161,"branch_count":3,"representation":"Co-located buses in the provisional PyPSA-USA topology"},"geometry":{"type":"Point","coordinates":[-97.3496,37.4933]}},{"type":"Feature","properties":{"kind":"network_node","bus_ids":"64880","states":"KS","counties":"p20191","max_voltage_kv":161,"branch_count":2,"representation":"Co-located buses in the provisional PyPSA-USA topology"},"geometry":{"type":"Point","coordinates":[-97.4499,37.4535]}},{"type":"Feature","properties":{"kind":"network_node","bus_ids":"65361, 65367","states":"KS","counties":"p20191","max_voltage_kv":500,"branch_count":5,"representation":"Co-located buses in the provisional PyPSA-USA topology"},"geometry":{"type":"Point","coordinates":[-97.3386,37.2539]}},{"type":"Feature","properties":{"kind":"network_node","bus_ids":"64891","states":"KS","counties":"p20173","max_voltage_kv":161,"branch_count":4,"representation":"Co-located buses in the provisional PyPSA-USA topology"},"geometry":{"type":"Point","coordinates":[-97.2058,37.577]}},{"type":"Feature","properties":{"kind":"network_node","bus_ids":"64898","states":"KS","counties":"p20015","max_voltage_kv":161,"branch_count":3,"representation":"Co-located buses in the provisional PyPSA-USA topology"},"geometry":{"type":"Point","coordinates":[-97.1523,37.5981]}},{"type":"Feature","properties":{"kind":"network_node","bus_ids":"65002, 64999","states":"KS","counties":"p20173","max_voltage_kv":500,"branch_count":6,"representation":"Co-located buses in the provisional PyPSA-USA topology"},"geometry":{"type":"Point","coordinates":[-97.3748,37.5495]}},{"type":"Feature","properties":{"kind":"network_node","bus_ids":"64904","states":"KS","counties":"p20173","max_voltage_kv":161,"branch_count":2,"representation":"Co-located buses in the provisional PyPSA-USA topology"},"geometry":{"type":"Point","coordinates":[-97.5803,37.5766]}},{"type":"Feature","properties":{"kind":"network_node","bus_ids":"64906","states":"KS","counties":"p20173","max_voltage_kv":161,"branch_count":1,"representation":"Co-located buses in the provisional PyPSA-USA topology"},"geometry":{"type":"Point","coordinates":[-97.6283,37.6857]}},{"type":"Feature","properties":{"kind":"network_node","bus_ids":"65864","states":"KS","counties":"p20191","max_voltage_kv":161,"branch_count":2,"representation":"Co-located buses in the provisional PyPSA-USA topology"},"geometry":{"type":"Point","coordinates":[-97.3897,37.2923]}},{"type":"Feature","properties":{"kind":"network_node","bus_ids":"64916","states":"KS","counties":"p20173","max_voltage_kv":161,"branch_count":2,"representation":"Co-located buses in the provisional PyPSA-USA topology"},"geometry":{"type":"Point","coordinates":[-97.3795,37.7887]}},{"type":"Feature","properties":{"kind":"network_node","bus_ids":"64926","states":"KS","counties":"p20173","max_voltage_kv":161,"branch_count":2,"representation":"Co-located buses in the provisional PyPSA-USA topology"},"geometry":{"type":"Point","coordinates":[-97.3688,37.7605]}},{"type":"Feature","properties":{"kind":"network_node","bus_ids":"64978","states":"KS","counties":"p20173","max_voltage_kv":161,"branch_count":4,"representation":"Co-located buses in the provisional PyPSA-USA topology"},"geometry":{"type":"Point","coordinates":[-97.4038,37.659]}},{"type":"Feature","properties":{"kind":"network_node","bus_ids":"64931","states":"KS","counties":"p20173","max_voltage_kv":161,"branch_count":1,"representation":"Co-located buses in the provisional PyPSA-USA topology"},"geometry":{"type":"Point","coordinates":[-97.2326,37.7269]}},{"type":"Feature","properties":{"kind":"network_node","bus_ids":"64946","states":"KS","counties":"p20173","max_voltage_kv":161,"branch_count":2,"representation":"Co-located buses in the provisional PyPSA-USA topology"},"geometry":{"type":"Point","coordinates":[-97.3069,37.7454]}},{"type":"Feature","properties":{"kind":"network_node","bus_ids":"65008","states":"KS","counties":"p20173","max_voltage_kv":161,"branch_count":3,"representation":"Co-located buses in the provisional PyPSA-USA topology"},"geometry":{"type":"Point","coordinates":[-97.3041,37.7022]}},{"type":"Feature","properties":{"kind":"network_node","bus_ids":"65028","states":"KS","counties":"p20173","max_voltage_kv":161,"branch_count":2,"representation":"Co-located buses in the provisional PyPSA-USA topology"},"geometry":{"type":"Point","coordinates":[-97.2253,37.7939]}},{"type":"Feature","properties":{"kind":"network_node","bus_ids":"64984","states":"KS","counties":"p20173","max_voltage_kv":161,"branch_count":4,"representation":"Co-located buses in the provisional PyPSA-USA topology"},"geometry":{"type":"Point","coordinates":[-97.3023,37.6744]}},{"type":"Feature","properties":{"kind":"network_node","bus_ids":"65016","states":"KS","counties":"p20173","max_voltage_kv":161,"branch_count":3,"representation":"Co-located buses in the provisional PyPSA-USA topology"},"geometry":{"type":"Point","coordinates":[-97.2681,37.6675]}},{"type":"Feature","properties":{"kind":"network_node","bus_ids":"64995","states":"KS","counties":"p20173","max_voltage_kv":161,"branch_count":3,"representation":"Co-located buses in the provisional PyPSA-USA topology"},"geometry":{"type":"Point","coordinates":[-97.2834,37.6183]}},{"type":"Feature","properties":{"kind":"network_node","bus_ids":"64974","states":"KS","counties":"p20173","max_voltage_kv":161,"branch_count":5,"representation":"Co-located buses in the provisional PyPSA-USA topology"},"geometry":{"type":"Point","coordinates":[-97.401,37.6803]}},{"type":"Feature","properties":{"kind":"network_node","bus_ids":"64977","states":"KS","counties":"p20173","max_voltage_kv":161,"branch_count":2,"representation":"Co-located buses in the provisional PyPSA-USA topology"},"geometry":{"type":"Point","coordinates":[-97.5076,37.7245]}},{"type":"Feature","properties":{"kind":"network_node","bus_ids":"65011","states":"KS","counties":"p20173","max_voltage_kv":161,"branch_count":2,"representation":"Co-located buses in the provisional PyPSA-USA topology"},"geometry":{"type":"Point","coordinates":[-97.3563,37.7091]}},{"type":"Feature","properties":{"kind":"network_node","bus_ids":"65824","states":"KS","counties":"p20173","max_voltage_kv":161,"branch_count":5,"representation":"Co-located buses in the provisional PyPSA-USA topology"},"geometry":{"type":"Point","coordinates":[-97.4095,37.5942]}},{"type":"Feature","properties":{"kind":"network_node","bus_ids":"65302","states":"KS","counties":"p20173","max_voltage_kv":161,"branch_count":2,"representation":"Co-located buses in the provisional PyPSA-USA topology"},"geometry":{"type":"Point","coordinates":[-97.4411,37.616]}},{"type":"Feature","properties":{"kind":"network_node","bus_ids":"64979","states":"KS","counties":"p20173","max_voltage_kv":161,"branch_count":3,"representation":"Co-located buses in the provisional PyPSA-USA topology"},"geometry":{"type":"Point","coordinates":[-97.3457,37.6462]}},{"type":"Feature","properties":{"kind":"network_node","bus_ids":"65048","states":"KS","counties":"p20175","max_voltage_kv":161,"branch_count":3,"representation":"Co-located buses in the provisional PyPSA-USA topology"},"geometry":{"type":"Point","coordinates":[-100.88,37.1597]}},{"type":"Feature","properties":{"kind":"network_node","bus_ids":"65809, 65808","states":"KS","counties":"p20189","max_voltage_kv":500,"branch_count":3,"representation":"Co-located buses in the provisional PyPSA-USA topology"},"geometry":{"type":"Point","coordinates":[-101.347,37.1527]}},{"type":"Feature","properties":{"kind":"network_node","bus_ids":"65428, 65430","states":"KS","counties":"p20175","max_voltage_kv":500,"branch_count":3,"representation":"Co-located buses in the provisional PyPSA-USA topology"},"geometry":{"type":"Point","coordinates":[-100.733,37.1548]}},{"type":"Feature","properties":{"kind":"network_node","bus_ids":"65060","states":"KS","counties":"p20177","max_voltage_kv":161,"branch_count":2,"representation":"Co-located buses in the provisional PyPSA-USA topology"},"geometry":{"type":"Point","coordinates":[-95.7151,39.0418]}},{"type":"Feature","properties":{"kind":"network_node","bus_ids":"65073","states":"KS","counties":"p20177","max_voltage_kv":161,"branch_count":3,"representation":"Co-located buses in the provisional PyPSA-USA topology"},"geometry":{"type":"Point","coordinates":[-95.641,39.0316]}},{"type":"Feature","properties":{"kind":"network_node","bus_ids":"65065","states":"KS","counties":"p20177","max_voltage_kv":161,"branch_count":2,"representation":"Co-located buses in the provisional PyPSA-USA topology"},"geometry":{"type":"Point","coordinates":[-95.6782,38.9515]}},{"type":"Feature","properties":{"kind":"network_node","bus_ids":"65076","states":"KS","counties":"p20177","max_voltage_kv":161,"branch_count":2,"representation":"Co-located buses in the provisional PyPSA-USA topology"},"geometry":{"type":"Point","coordinates":[-95.6107,38.893]}},{"type":"Feature","properties":{"kind":"network_node","bus_ids":"65579, 65580","states":"KS","counties":"p20177","max_voltage_kv":500,"branch_count":5,"representation":"Co-located buses in the provisional PyPSA-USA topology"},"geometry":{"type":"Point","coordinates":[-95.5672,39.0507]}},{"type":"Feature","properties":{"kind":"network_node","bus_ids":"65077","states":"KS","counties":"p20177","max_voltage_kv":161,"branch_count":1,"representation":"Co-located buses in the provisional PyPSA-USA topology"},"geometry":{"type":"Point","coordinates":[-95.733,39.1795]}},{"type":"Feature","properties":{"kind":"network_node","bus_ids":"65096","states":"KS","counties":"p20177","max_voltage_kv":161,"branch_count":2,"representation":"Co-located buses in the provisional PyPSA-USA topology"},"geometry":{"type":"Point","coordinates":[-95.9153,38.9756]}},{"type":"Feature","properties":{"kind":"network_node","bus_ids":"65121","states":"KS","counties":"p20177","max_voltage_kv":161,"branch_count":1,"representation":"Co-located buses in the provisional PyPSA-USA topology"},"geometry":{"type":"Point","coordinates":[-95.8292,38.9543]}},{"type":"Feature","properties":{"kind":"network_node","bus_ids":"65127","states":"KS","counties":"p20177","max_voltage_kv":161,"branch_count":1,"representation":"Co-located buses in the provisional PyPSA-USA topology"},"geometry":{"type":"Point","coordinates":[-95.8002,39.1366]}},{"type":"Feature","properties":{"kind":"network_node","bus_ids":"65133","states":"KS","counties":"p20179","max_voltage_kv":161,"branch_count":1,"representation":"Co-located buses in the provisional PyPSA-USA topology"},"geometry":{"type":"Point","coordinates":[-100.388,39.3553]}},{"type":"Feature","properties":{"kind":"network_node","bus_ids":"65888","states":"KS","counties":"p20077","max_voltage_kv":161,"branch_count":2,"representation":"Co-located buses in the provisional PyPSA-USA topology"},"geometry":{"type":"Point","coordinates":[-98.0338,37.1807]}},{"type":"Feature","properties":{"kind":"network_node","bus_ids":"65178","states":"KS","counties":"p20207","max_voltage_kv":161,"branch_count":1,"representation":"Co-located buses in the provisional PyPSA-USA topology"},"geometry":{"type":"Point","coordinates":[-95.7929,37.8741]}},{"type":"Feature","properties":{"kind":"network_node","bus_ids":"65186","states":"MO","counties":"p29047","max_voltage_kv":161,"branch_count":1,"representation":"Co-located buses in the provisional PyPSA-USA topology"},"geometry":{"type":"Point","coordinates":[-94.5741,39.1246]}},{"type":"Feature","properties":{"kind":"network_node","bus_ids":"65324","states":"MO","counties":"p29165","max_voltage_kv":161,"branch_count":1,"representation":"Co-located buses in the provisional PyPSA-USA topology"},"geometry":{"type":"Point","coordinates":[-94.7098,39.1884]}},{"type":"Feature","properties":{"kind":"network_node","bus_ids":"65218","states":"KS","counties":"p20209","max_voltage_kv":161,"branch_count":3,"representation":"Co-located buses in the provisional PyPSA-USA topology"},"geometry":{"type":"Point","coordinates":[-94.701,39.0835]}},{"type":"Feature","properties":{"kind":"network_node","bus_ids":"67857","states":"NE","counties":"p31065","max_voltage_kv":161,"branch_count":1,"representation":"Co-located buses in the provisional PyPSA-USA topology"},"geometry":{"type":"Point","coordinates":[-100.144,40.243]}},{"type":"Feature","properties":{"kind":"network_node","bus_ids":"65274, 65281","states":"KS","counties":"p20181","max_voltage_kv":500,"branch_count":3,"representation":"Co-located buses in the provisional PyPSA-USA topology"},"geometry":{"type":"Point","coordinates":[-101.711,39.3366]}},{"type":"Feature","properties":{"kind":"network_node","bus_ids":"67539, 67540","states":"NE","counties":"p31095","max_voltage_kv":500,"branch_count":2,"representation":"Co-located buses in the provisional PyPSA-USA topology"},"geometry":{"type":"Point","coordinates":[-96.957,40.0559]}},{"type":"Feature","properties":{"kind":"network_node","bus_ids":"65894, 65899","states":"KS","counties":"p20057","max_voltage_kv":500,"branch_count":5,"representation":"Co-located buses in the provisional PyPSA-USA topology"},"geometry":{"type":"Point","coordinates":[-99.7708,37.8269]}},{"type":"Feature","properties":{"kind":"network_node","bus_ids":"65877","states":"KS","counties":"p20193","max_voltage_kv":161,"branch_count":1,"representation":"Co-located buses in the provisional PyPSA-USA topology"},"geometry":{"type":"Point","coordinates":[-101.111,39.3965]}},{"type":"Feature","properties":{"kind":"network_node","bus_ids":"67432","states":"NE","counties":"p31145","max_voltage_kv":500,"branch_count":1,"representation":"Co-located buses in the provisional PyPSA-USA topology"},"geometry":{"type":"Point","coordinates":[-100.652,40.241]}},{"type":"Feature","properties":{"kind":"network_node","bus_ids":"65349","states":"KS","counties":"p20025","max_voltage_kv":161,"branch_count":1,"representation":"Co-located buses in the provisional PyPSA-USA topology"},"geometry":{"type":"Point","coordinates":[-99.7975,37.1671]}},{"type":"Feature","properties":{"kind":"network_node","bus_ids":"65653","states":"KS","counties":"p20097","max_voltage_kv":161,"branch_count":3,"representation":"Co-located buses in the provisional PyPSA-USA topology"},"geometry":{"type":"Point","coordinates":[-99.3432,37.5408]}},{"type":"Feature","properties":{"kind":"network_node","bus_ids":"65566","states":"KS","counties":"p20031","max_voltage_kv":161,"branch_count":2,"representation":"Co-located buses in the provisional PyPSA-USA topology"},"geometry":{"type":"Point","coordinates":[-95.7365,38.1552]}},{"type":"Feature","properties":{"kind":"network_node","bus_ids":"65406","states":"KS","counties":"p20053","max_voltage_kv":161,"branch_count":3,"representation":"Co-located buses in the provisional PyPSA-USA topology"},"geometry":{"type":"Point","coordinates":[-98.1641,38.8639]}},{"type":"Feature","properties":{"kind":"network_node","bus_ids":"65572, 65568","states":"KS","counties":"p20105","max_voltage_kv":500,"branch_count":3,"representation":"Co-located buses in the provisional PyPSA-USA topology"},"geometry":{"type":"Point","coordinates":[-98.182,38.887]}},{"type":"Feature","properties":{"kind":"network_node","bus_ids":"65891","states":"KS","counties":"p20081","max_voltage_kv":161,"branch_count":1,"representation":"Co-located buses in the provisional PyPSA-USA topology"},"geometry":{"type":"Point","coordinates":[-101.083,37.5772]}},{"type":"Feature","properties":{"kind":"network_node","bus_ids":"65584, 65582","states":"KS","counties":"p20055","max_voltage_kv":500,"branch_count":5,"representation":"Co-located buses in the provisional PyPSA-USA topology"},"geometry":{"type":"Point","coordinates":[-100.935,37.9505]}},{"type":"Feature","properties":{"kind":"network_node","bus_ids":"65519","states":"KS","counties":"p20023","max_voltage_kv":161,"branch_count":1,"representation":"Co-located buses in the provisional PyPSA-USA topology"},"geometry":{"type":"Point","coordinates":[-101.801,39.8021]}},{"type":"Feature","properties":{"kind":"network_node","bus_ids":"65694, 65698","states":"KS","counties":"p20069","max_voltage_kv":500,"branch_count":3,"representation":"Co-located buses in the provisional PyPSA-USA topology"},"geometry":{"type":"Point","coordinates":[-100.375,37.6148]}},{"type":"Feature","properties":{"kind":"network_node","bus_ids":"67636, 67635","states":"NE","counties":"p31147","max_voltage_kv":500,"branch_count":2,"representation":"Co-located buses in the provisional PyPSA-USA topology"},"geometry":{"type":"Point","coordinates":[-95.9321,40.0279]}},{"type":"Feature","properties":{"kind":"network_node","bus_ids":"65903","states":"KS","counties":"p20095","max_voltage_kv":161,"branch_count":2,"representation":"Co-located buses in the provisional PyPSA-USA topology"},"geometry":{"type":"Point","coordinates":[-98.4483,37.3853]}},{"type":"Feature","properties":{"kind":"network_node","bus_ids":"65978, 65980","states":"KS","counties":"p20097","max_voltage_kv":500,"branch_count":2,"representation":"Co-located buses in the provisional PyPSA-USA topology"},"geometry":{"type":"Point","coordinates":[-99.458,37.524]}},{"type":"Feature","properties":{"kind":"network_node","bus_ids":"67487","states":"NE","counties":"p31169","max_voltage_kv":500,"branch_count":1,"representation":"Co-located buses in the provisional PyPSA-USA topology"},"geometry":{"type":"Point","coordinates":[-97.5742,40.186]}},{"type":"Feature","properties":{"kind":"network_node","bus_ids":"67753","states":"NE","counties":"p31095","max_voltage_kv":161,"branch_count":1,"representation":"Co-located buses in the provisional PyPSA-USA topology"},"geometry":{"type":"Point","coordinates":[-97.2078,40.1883]}},{"type":"Feature","properties":{"kind":"network_node","bus_ids":"66694","states":"NE","counties":"p31057","max_voltage_kv":161,"branch_count":1,"representation":"Co-located buses in the provisional PyPSA-USA topology"},"geometry":{"type":"Point","coordinates":[-101.519,40.1239]}},{"type":"Feature","properties":{"kind":"generator","generator":"p52 OCGT existing","fuel":"Natural gas peaker","category":"conventional","carrier":"OCGT","zone":"p52","zone_name":"Western Kansas","capacity_mw":323.7,"annual_generation_mwh":null,"annual_generation_status":"Unavailable — baseline has not been solved","status":"Existing in 2019 baseline","build_year":1978,"location_basis":"Aggregated PyPSA-USA zone center"},"geometry":{"type":"Point","coordinates":[-100.99949560439562,38.41076483516484]}},{"type":"Feature","properties":{"kind":"generator","generator":"p52 coal existing","fuel":"Coal","category":"conventional","carrier":"coal","zone":"p52","zone_name":"Western Kansas","capacity_mw":348.7,"annual_generation_mwh":null,"annual_generation_status":"Unavailable — baseline has not been solved","status":"Existing in 2019 baseline","build_year":1983,"location_basis":"Aggregated PyPSA-USA zone center"},"geometry":{"type":"Point","coordinates":[-100.73949560439561,38.67076483516484]}},{"type":"Feature","properties":{"kind":"generator","generator":"p52 onwind existing","fuel":"Wind","category":"wind","carrier":"onwind","zone":"p52","zone_name":"Western Kansas","capacity_mw":374.6,"annual_generation_mwh":null,"annual_generation_status":"Unavailable — baseline has not been solved","status":"Existing in 2019 baseline","build_year":2016,"location_basis":"Aggregated PyPSA-USA zone center"},"geometry":{"type":"Point","coordinates":[-100.99949560439562,38.93076483516484]}},{"type":"Feature","properties":{"kind":"generator","generator":"p52 solar existing","fuel":"Solar","category":"solar","carrier":"solar","zone":"p52","zone_name":"Western Kansas","capacity_mw":1,"annual_generation_mwh":null,"annual_generation_status":"Unavailable — baseline has not been solved","status":"Existing in 2019 baseline","build_year":2015,"location_basis":"Aggregated PyPSA-USA zone center"},"geometry":{"type":"Point","coordinates":[-101.25949560439562,38.67076483516484]}},{"type":"Feature","properties":{"kind":"generator","generator":"p53 CCGT existing","fuel":"Natural gas combined cycle","category":"conventional","carrier":"CCGT","zone":"p53","zone_name":"Eastern Kansas","capacity_mw":835.1,"annual_generation_mwh":null,"annual_generation_status":"Unavailable — baseline has not been solved","status":"Existing in 2019 baseline","build_year":2002,"location_basis":"Aggregated PyPSA-USA zone center"},"geometry":{"type":"Point","coordinates":[-96.69848722669735,38.1502079401611]}},{"type":"Feature","properties":{"kind":"generator","generator":"p53 OCGT existing","fuel":"Natural gas peaker","category":"conventional","carrier":"OCGT","zone":"p53","zone_name":"Eastern Kansas","capacity_mw":3709.7999999999997,"annual_generation_mwh":null,"annual_generation_status":"Unavailable — baseline has not been solved","status":"Existing in 2019 baseline","build_year":1991,"location_basis":"Aggregated PyPSA-USA zone center"},"geometry":{"type":"Point","coordinates":[-96.49521104125566,38.24810059167783]}},{"type":"Feature","properties":{"kind":"generator","generator":"p53 coal existing","fuel":"Coal","category":"conventional","carrier":"coal","zone":"p53","zone_name":"Eastern Kansas","capacity_mw":6290.8,"annual_generation_mwh":null,"annual_generation_status":"Unavailable — baseline has not been solved","status":"Existing in 2019 baseline","build_year":1982,"location_basis":"Aggregated PyPSA-USA zone center"},"geometry":{"type":"Point","coordinates":[-96.44500596953007,38.46806338298974]}},{"type":"Feature","properties":{"kind":"generator","generator":"p53 nuclear existing","fuel":"Nuclear","category":"conventional","carrier":"nuclear","zone":"p53","zone_name":"Eastern Kansas","capacity_mw":1296.3,"annual_generation_mwh":null,"annual_generation_status":"Unavailable — baseline has not been solved","status":"Existing in 2019 baseline","build_year":1985,"location_basis":"Aggregated PyPSA-USA zone center"},"geometry":{"type":"Point","coordinates":[-96.58567745452679,38.64445984581573]}},{"type":"Feature","properties":{"kind":"generator","generator":"p53 oil","fuel":"Oil","category":"conventional","carrier":"oil","zone":"p53","zone_name":"Eastern Kansas","capacity_mw":502.79999999999995,"annual_generation_mwh":null,"annual_generation_status":"Unavailable — baseline has not been solved","status":"Existing in 2019 baseline","build_year":1982,"location_basis":"Aggregated PyPSA-USA zone center"},"geometry":{"type":"Point","coordinates":[-96.81129699886792,38.64445984581573]}},{"type":"Feature","properties":{"kind":"generator","generator":"p53 onwind existing","fuel":"Wind","category":"wind","carrier":"onwind","zone":"p53","zone_name":"Eastern Kansas","capacity_mw":5711.4,"annual_generation_mwh":null,"annual_generation_status":"Unavailable — baseline has not been solved","status":"Existing in 2019 baseline","build_year":2013,"location_basis":"Aggregated PyPSA-USA zone center"},"geometry":{"type":"Point","coordinates":[-96.95196848386463,38.46806338298974]}},{"type":"Feature","properties":{"kind":"generator","generator":"p53 solar existing","fuel":"Solar","category":"solar","carrier":"solar","zone":"p53","zone_name":"Eastern Kansas","capacity_mw":9,"annual_generation_mwh":null,"annual_generation_status":"Unavailable — baseline has not been solved","status":"Existing in 2019 baseline","build_year":2018,"location_basis":"Aggregated PyPSA-USA zone center"},"geometry":{"type":"Point","coordinates":[-96.90176341213905,38.24810059167783]}}]}
